"date","total_cases","total_deaths"
"2020-01-01","0","0"
"2020-01-02","0","0"
"2020-01-03","0","0"
"2020-01-04","0","0"
"2020-01-05","9","15"
"2020-01-06","9","15"
"2020-01-07","9","15"
"2020-01-08","9","15"
"2020-01-09","9","15"
"2020-01-10","9","15"
"2020-01-11","9","15"
"2020-01-12","189","19"
"2020-01-13","189","19"
"2020-01-14","189","19"
"2020-01-15","189","19"
"2020-01-16","189","19"
"2020-01-17","189","19"
"2020-01-18","189","19"
"2020-01-19","551","27"
"2020-01-20","551","27"
"2020-01-21","551","27"
"2020-01-22","551","27"
"2020-01-23","551","27"
"2020-01-24","551","27"
"2020-01-25","551","27"
"2020-01-26","8136","254"
"2020-01-27","8136","254"
"2020-01-28","8136","254"
"2020-01-29","8136","254"
"2020-01-30","8136","254"
"2020-01-31","8136","254"
"2020-02-01","8136","254"
"2020-02-02","58306","1497"
"2020-02-03","58306","1497"
"2020-02-04","58306","1497"
"2020-02-05","58306","1497"
"2020-02-06","58306","1497"
"2020-02-07","58306","1497"
"2020-02-08","58306","1497"
"2020-02-09","150265","3677"
"2020-02-10","150265","3677"
"2020-02-11","150265","3677"
"2020-02-12","150265","3677"
"2020-02-13","150265","3677"
"2020-02-14","150265","3677"
"2020-02-15","150265","3677"
"2020-02-16","276071","7134"
"2020-02-17","276071","7134"
"2020-02-18","276071","7134"
"2020-02-19","276071","7134"
"2020-02-20","276071","7134"
"2020-02-21","276071","7134"
"2020-02-22","276071","7134"
"2020-02-23","313134","9897"
"2020-02-24","313134","9897"
"2020-02-25","313134","9897"
"2020-02-26","313134","9897"
"2020-02-27","313134","9897"
"2020-02-28","313134","9897"
"2020-02-29","313134","9897"
"2020-03-01","347590","11985"
"2020-03-02","347590","11985"
"2020-03-03","347590","11985"
"2020-03-04","347590","11985"
"2020-03-05","347590","11985"
"2020-03-06","347590","11985"
"2020-03-07","347590","11985"
"2020-03-08","436705","14827"
"2020-03-09","436705","14827"
"2020-03-10","436705","14827"
"2020-03-11","436705","14827"
"2020-03-12","436705","14827"
"2020-03-13","436705","14827"
"2020-03-14","436705","14827"
"2020-03-15","718652","27318"
"2020-03-16","718652","27318"
"2020-03-17","718652","27318"
"2020-03-18","718652","27318"
"2020-03-19","718652","27318"
"2020-03-20","718652","27318"
"2020-03-21","718652","27318"
"2020-03-22","1510318","73680"
"2020-03-23","1510318","73680"
"2020-03-24","1510318","73680"
"2020-03-25","1510318","73680"
"2020-03-26","1510318","73680"
"2020-03-27","1510318","73680"
"2020-03-28","1510318","73680"
"2020-03-29","3088142","179246"
"2020-03-30","3088142","179246"
"2020-03-31","3088142","179246"
"2020-04-01","3088142","179246"
"2020-04-02","3088142","179246"
"2020-04-03","3088142","179246"
"2020-04-04","3088142","179246"
"2020-04-05","5108693","347247"
"2020-04-06","5108693","347247"
"2020-04-07","5108693","347247"
"2020-04-08","5108693","347247"
"2020-04-09","5108693","347247"
"2020-04-10","5108693","347247"
"2020-04-11","5108693","347247"
"2020-04-12","7336631","556993"
"2020-04-13","7336631","556993"
"2020-04-14","7336631","556993"
"2020-04-15","7336631","556993"
"2020-04-16","7336631","556993"
"2020-04-17","7336631","556993"
"2020-04-18","7336631","556993"
"2020-04-19","9466658","772751"
"2020-04-20","9466658","772751"
"2020-04-21","9466658","772751"
"2020-04-22","9466658","772751"
"2020-04-23","9466658","772751"
"2020-04-24","9466658","772751"
"2020-04-25","9466658","772751"
"2020-04-26","11706483","962520"
"2020-04-27","11706483","962520"
"2020-04-28","11706483","962520"
"2020-04-29","11706483","962520"
"2020-04-30","11706483","962520"
"2020-05-01","11706483","962520"
"2020-05-02","11706483","962520"
"2020-05-03","13940914","1135460"
"2020-05-04","13940914","1135460"
"2020-05-05","13940914","1135460"
"2020-05-06","13940914","1135460"
"2020-05-07","13940914","1135460"
"2020-05-08","13940914","1135460"
"2020-05-09","13940914","1135460"
"2020-05-10","16308450","1297373"
"2020-05-11","16308450","1297373"
"2020-05-12","16308450","1297373"
"2020-05-13","16308450","1297373"
"2020-05-14","16308450","1297373"
"2020-05-15","16308450","1297373"
"2020-05-16","16308450","1297373"
"2020-05-17","18785350","1446569"
"2020-05-18","18785350","1446569"
"2020-05-19","18785350","1446569"
"2020-05-20","18785350","1446569"
"2020-05-21","18785350","1446569"
"2020-05-22","18785350","1446569"
"2020-05-23","18785350","1446569"
"2020-05-24","21603884","1588811"
"2020-05-25","21603884","1588811"
"2020-05-26","21603884","1588811"
"2020-05-27","21603884","1588811"
"2020-05-28","21603884","1588811"
"2020-05-29","21603884","1588811"
"2020-05-30","21603884","1588811"
"2020-05-31","24547703","1724661"
"2020-06-01","24547703","1724661"
"2020-06-02","24547703","1724661"
"2020-06-03","24547703","1724661"
"2020-06-04","24547703","1724661"
"2020-06-05","24547703","1724661"
"2020-06-06","24547703","1724661"
"2020-06-07","27951789","1866077"
"2020-06-08","27951789","1866077"
"2020-06-09","27951789","1866077"
"2020-06-10","27951789","1866077"
"2020-06-11","27951789","1866077"
"2020-06-12","27951789","1866077"
"2020-06-13","27951789","1866077"
"2020-06-14","31588350","2008729"
"2020-06-15","31588350","2008729"
"2020-06-16","31588350","2008729"
"2020-06-17","31588350","2008729"
"2020-06-18","31588350","2008729"
"2020-06-19","31588350","2008729"
"2020-06-20","31588350","2008729"
"2020-06-21","35741398","2159743"
"2020-06-22","35741398","2159743"
"2020-06-23","35741398","2159743"
"2020-06-24","35741398","2159743"
"2020-06-25","35741398","2159743"
"2020-06-26","35741398","2159743"
"2020-06-27","35741398","2159743"
"2020-06-28","40400530","2307418"
"2020-06-29","40400530","2307418"
"2020-06-30","40400530","2307418"
"2020-07-01","40400530","2307418"
"2020-07-02","40400530","2307418"
"2020-07-03","40400530","2307418"
"2020-07-04","40400530","2307418"
"2020-07-05","45739424","2453697"
"2020-07-06","45739424","2453697"
"2020-07-07","45739424","2453697"
"2020-07-08","45739424","2453697"
"2020-07-09","45739424","2453697"
"2020-07-10","45739424","2453697"
"2020-07-11","45739424","2453697"
"2020-07-12","51482132","2609533"
"2020-07-13","51482132","2609533"
"2020-07-14","51482132","2609533"
"2020-07-15","51482132","2609533"
"2020-07-16","51482132","2609533"
"2020-07-17","51482132","2609533"
"2020-07-18","51482132","2609533"
"2020-07-19","57813967","2780369"
"2020-07-20","57813967","2780369"
"2020-07-21","57813967","2780369"
"2020-07-22","57813967","2780369"
"2020-07-23","57813967","2780369"
"2020-07-24","57813967","2780369"
"2020-07-25","57813967","2780369"
"2020-07-26","64833106","2960125"
"2020-07-27","64833106","2960125"
"2020-07-28","64833106","2960125"
"2020-07-29","64833106","2960125"
"2020-07-30","64833106","2960125"
"2020-07-31","64833106","2960125"
"2020-08-01","64833106","2960125"
"2020-08-02","72252474","3140111"
"2020-08-03","72252474","3140111"
"2020-08-04","72252474","3140111"
"2020-08-05","72252474","3140111"
"2020-08-06","72252474","3140111"
"2020-08-07","72252474","3140111"
"2020-08-08","72252474","3140111"
"2020-08-09","79686952","3323722"
"2020-08-10","79686952","3323722"
"2020-08-11","79686952","3323722"
"2020-08-12","79686952","3323722"
"2020-08-13","79686952","3323722"
"2020-08-14","79686952","3323722"
"2020-08-15","79686952","3323722"
"2020-08-16","87330416","3503589"
"2020-08-17","87330416","3503589"
"2020-08-18","87330416","3503589"
"2020-08-19","87330416","3503589"
"2020-08-20","87330416","3503589"
"2020-08-21","87330416","3503589"
"2020-08-22","87330416","3503589"
"2020-08-23","94749963","3675517"
"2020-08-24","94749963","3675517"
"2020-08-25","94749963","3675517"
"2020-08-26","94749963","3675517"
"2020-08-27","94749963","3675517"
"2020-08-28","94749963","3675517"
"2020-08-29","94749963","3675517"
"2020-08-30","102402386","3842537"
"2020-08-31","102402386","3842537"
"2020-09-01","102402386","3842537"
"2020-09-02","102402386","3842537"
"2020-09-03","102402386","3842537"
"2020-09-04","102402386","3842537"
"2020-09-05","102402386","3842537"
"2020-09-06","110516004","4003881"
"2020-09-07","110516004","4003881"
"2020-09-08","110516004","4003881"
"2020-09-09","110516004","4003881"
"2020-09-10","110516004","4003881"
"2020-09-11","110516004","4003881"
"2020-09-12","110516004","4003881"
"2020-09-13","118551127","4178501"
"2020-09-14","118551127","4178501"
"2020-09-15","118551127","4178501"
"2020-09-16","118551127","4178501"
"2020-09-17","118551127","4178501"
"2020-09-18","118551127","4178501"
"2020-09-19","118551127","4178501"
"2020-09-20","127192366","4336847"
"2020-09-21","127192366","4336847"
"2020-09-22","127192366","4336847"
"2020-09-23","127192366","4336847"
"2020-09-24","127192366","4336847"
"2020-09-25","127192366","4336847"
"2020-09-26","127192366","4336847"
"2020-09-27","135873717","4490308"
"2020-09-28","135873717","4490308"
"2020-09-29","135873717","4490308"
"2020-09-30","135873717","4490308"
"2020-10-01","135873717","4490308"
"2020-10-02","135873717","4490308"
"2020-10-03","135873717","4490308"
"2020-10-04","144703160","4643462"
"2020-10-05","144703160","4643462"
"2020-10-06","144703160","4643462"
"2020-10-07","144703160","4643462"
"2020-10-08","144703160","4643462"
"2020-10-09","144703160","4643462"
"2020-10-10","144703160","4643462"
"2020-10-11","154616352","4799860"
"2020-10-12","154616352","4799860"
"2020-10-13","154616352","4799860"
"2020-10-14","154616352","4799860"
"2020-10-15","154616352","4799860"
"2020-10-16","154616352","4799860"
"2020-10-17","154616352","4799860"
"2020-10-18","165690106","4957649"
"2020-10-19","165690106","4957649"
"2020-10-20","165690106","4957649"
"2020-10-21","165690106","4957649"
"2020-10-22","165690106","4957649"
"2020-10-23","165690106","4957649"
"2020-10-24","165690106","4957649"
"2020-10-25","179108406","5138557"
"2020-10-26","179108406","5138557"
"2020-10-27","179108406","5138557"
"2020-10-28","179108406","5138557"
"2020-10-29","179108406","5138557"
"2020-10-30","179108406","5138557"
"2020-10-31","179108406","5138557"
"2020-11-01","194577000","5350877"
"2020-11-02","194577000","5350877"
"2020-11-03","194577000","5350877"
"2020-11-04","194577000","5350877"
"2020-11-05","194577000","5350877"
"2020-11-06","194577000","5350877"
"2020-11-07","194577000","5350877"
"2020-11-08","211438280","5607580"
"2020-11-09","211438280","5607580"
"2020-11-10","211438280","5607580"
"2020-11-11","211438280","5607580"
"2020-11-12","211438280","5607580"
"2020-11-13","211438280","5607580"
"2020-11-14","211438280","5607580"
"2020-11-15","228910893","5893568"
"2020-11-16","228910893","5893568"
"2020-11-17","228910893","5893568"
"2020-11-18","228910893","5893568"
"2020-11-19","228910893","5893568"
"2020-11-20","228910893","5893568"
"2020-11-21","228910893","5893568"
"2020-11-22","246486209","6214624"
"2020-11-23","246486209","6214624"
"2020-11-24","246486209","6214624"
"2020-11-25","246486209","6214624"
"2020-11-26","246486209","6214624"
"2020-11-27","246486209","6214624"
"2020-11-28","246486209","6214624"
"2020-11-29","263505412","6547183"
"2020-11-30","263505412","6547183"
"2020-12-01","263505412","6547183"
"2020-12-02","263505412","6547183"
"2020-12-03","263505412","6547183"
"2020-12-04","263505412","6547183"
"2020-12-05","263505412","6547183"
"2020-12-06","281154230","6892443"
"2020-12-07","281154230","6892443"
"2020-12-08","281154230","6892443"
"2020-12-09","281154230","6892443"
"2020-12-10","281154230","6892443"
"2020-12-11","281154230","6892443"
"2020-12-12","281154230","6892443"
"2020-12-13","299608061","7249466"
"2020-12-14","299608061","7249466"
"2020-12-15","299608061","7249466"
"2020-12-16","299608061","7249466"
"2020-12-17","299608061","7249466"
"2020-12-18","299608061","7249466"
"2020-12-19","299608061","7249466"
"2020-12-20","318710783","7619419"
"2020-12-21","318710783","7619419"
"2020-12-22","318710783","7619419"
"2020-12-23","318710783","7619419"
"2020-12-24","318710783","7619419"
"2020-12-25","318710783","7619419"
"2020-12-26","318710783","7619419"
"2020-12-27","335969348","7969790"
"2020-12-28","335969348","7969790"
"2020-12-29","335969348","7969790"
"2020-12-30","335969348","7969790"
"2020-12-31","335969348","7969790"
"2021-01-01","335969348","7969790"
"2021-01-02","335969348","7969790"
"2021-01-03","353799052","8338606"
"2021-01-04","353799052","8338606"
"2021-01-05","353799052","8338606"
"2021-01-06","353799052","8338606"
"2021-01-07","353799052","8338606"
"2021-01-08","353799052","8338606"
"2021-01-09","353799052","8338606"
"2021-01-10","374888736","8732433"
"2021-01-11","374888736","8732433"
"2021-01-12","374888736","8732433"
"2021-01-13","374888736","8732433"
"2021-01-14","374888736","8732433"
"2021-01-15","374888736","8732433"
"2021-01-16","374888736","8732433"
"2021-01-17","395280844","9160845"
"2021-01-18","395280844","9160845"
"2021-01-19","395280844","9160845"
"2021-01-20","395280844","9160845"
"2021-01-21","395280844","9160845"
"2021-01-22","395280844","9160845"
"2021-01-23","395280844","9160845"
"2021-01-24","413101004","9600376"
"2021-01-25","413101004","9600376"
"2021-01-26","413101004","9600376"
"2021-01-27","413101004","9600376"
"2021-01-28","413101004","9600376"
"2021-01-29","413101004","9600376"
"2021-01-30","413101004","9600376"
"2021-01-31","428877631","10026004"
"2021-02-01","428877631","10026004"
"2021-02-02","428877631","10026004"
"2021-02-03","428877631","10026004"
"2021-02-04","428877631","10026004"
"2021-02-05","428877631","10026004"
"2021-02-06","428877631","10026004"
"2021-02-07","442239713","10403467"
"2021-02-08","442239713","10403467"
"2021-02-09","442239713","10403467"
"2021-02-10","442239713","10403467"
"2021-02-11","442239713","10403467"
"2021-02-12","442239633","10403467"
"2021-02-13","442239633","10403467"
"2021-02-14","453720192","10746859"
"2021-02-15","453720192","10746859"
"2021-02-16","453720192","10746859"
"2021-02-17","453720192","10746859"
"2021-02-18","453720192","10746859"
"2021-02-19","453720192","10746859"
"2021-02-20","453720192","10746859"
"2021-02-21","464229117","11035321"
"2021-02-22","464229117","11035321"
"2021-02-23","464229117","11035321"
"2021-02-24","464229117","11035321"
"2021-02-25","464229117","11035321"
"2021-02-26","464229117","11035321"
"2021-02-27","464229117","11035321"
"2021-02-28","475585275","11304972"
"2021-03-01","475585275","11304972"
"2021-03-02","475585275","11304972"
"2021-03-03","475585275","11304972"
"2021-03-04","475585275","11304972"
"2021-03-05","475585275","11304972"
"2021-03-06","475585275","11304972"
"2021-03-07","487314092","11560137"
"2021-03-08","487314092","11560137"
"2021-03-09","487314092","11560137"
"2021-03-10","487314092","11560137"
"2021-03-11","487314092","11560137"
"2021-03-12","487314092","11560137"
"2021-03-13","487314092","11560137"
"2021-03-14","500046449","11816940"
"2021-03-15","500046449","11816940"
"2021-03-16","500046449","11816940"
"2021-03-17","500046449","11816940"
"2021-03-18","500046449","11816940"
"2021-03-19","500046449","11816940"
"2021-03-20","500046449","11816940"
"2021-03-21","514365996","12084593"
"2021-03-22","514365996","12084593"
"2021-03-23","514365996","12084593"
"2021-03-24","514365996","12084593"
"2021-03-25","514365996","12084593"
"2021-03-26","514365996","12084593"
"2021-03-27","514365996","12084593"
"2021-03-28","530826710","12377019"
"2021-03-29","530826710","12377019"
"2021-03-30","530826710","12377019"
"2021-03-31","530826710","12377019"
"2021-04-01","530826710","12377019"
"2021-04-02","530826710","12377019"
"2021-04-03","530826710","12377019"
"2021-04-04","548371891","12695842"
"2021-04-05","548371891","12695842"
"2021-04-06","548371891","12695842"
"2021-04-07","548371891","12695842"
"2021-04-08","548371891","12695842"
"2021-04-09","548371891","12695842"
"2021-04-10","548371891","12695842"
"2021-04-11","567554763","13035245"
"2021-04-12","567554763","13035245"
"2021-04-13","567554763","13035245"
"2021-04-14","567554763","13035245"
"2021-04-15","567554763","13035245"
"2021-04-16","567554763","13035245"
"2021-04-17","567554763","13035245"
"2021-04-18","589408731","13396113"
"2021-04-19","589408731","13396113"
"2021-04-20","589408731","13396113"
"2021-04-21","589408731","13396113"
"2021-04-22","589408731","13396113"
"2021-04-23","589408731","13396113"
"2021-04-24","589408731","13396113"
"2021-04-25","613010795","13777838"
"2021-04-26","613010795","13777838"
"2021-04-27","613010795","13777838"
"2021-04-28","613010795","13777838"
"2021-04-29","613010795","13777838"
"2021-04-30","613010795","13777838"
"2021-05-01","613010795","13777838"
"2021-05-02","636473680","14175359"
"2021-05-03","636473680","14175359"
"2021-05-04","636473680","14175359"
"2021-05-05","636473680","14175359"
"2021-05-06","636473680","14175359"
"2021-05-07","636473680","14175359"
"2021-05-08","636473680","14175359"
"2021-05-09","658883824","14555109"
"2021-05-10","658883824","14555109"
"2021-05-11","658883824","14555109"
"2021-05-12","658883824","14555109"
"2021-05-13","658883824","14555109"
"2021-05-14","658883824","14555109"
"2021-05-15","658883824","14555109"
"2021-05-16","678551167","14913980"
"2021-05-17","678551167","14913980"
"2021-05-18","678551167","14913980"
"2021-05-19","678551167","14913980"
"2021-05-20","678551167","14913980"
"2021-05-21","678551167","14913980"
"2021-05-22","678551167","14913980"
"2021-05-23","695753421","15264991"
"2021-05-24","695753421","15264991"
"2021-05-25","695753421","15264991"
"2021-05-26","695753421","15264991"
"2021-05-27","695753421","15264991"
"2021-05-28","695753421","15264991"
"2021-05-29","695753421","15264991"
"2021-05-30","710181354","15583945"
"2021-05-31","710181354","15583945"
"2021-06-01","710181354","15583945"
"2021-06-02","710181354","15583945"
"2021-06-03","710181354","15583945"
"2021-06-04","710181354","15583945"
"2021-06-05","710181354","15583945"
"2021-06-06","722393713","15861088"
"2021-06-07","722393713","15861088"
"2021-06-08","722393713","15861088"
"2021-06-09","722393713","15861088"
"2021-06-10","722393713","15861088"
"2021-06-11","722393713","15861088"
"2021-06-12","722393713","15861088"
"2021-06-13","733112150","16149005"
"2021-06-14","733112150","16149005"
"2021-06-15","733112150","16149005"
"2021-06-16","733112150","16149005"
"2021-06-17","733112150","16149005"
"2021-06-18","733112150","16149005"
"2021-06-19","733112150","16149005"
"2021-06-20","743349693","16402746"
"2021-06-21","743349693","16402746"
"2021-06-22","743349693","16402746"
"2021-06-23","743349693","16402746"
"2021-06-24","743349693","16402746"
"2021-06-25","743349693","16402746"
"2021-06-26","743349693","16402746"
"2021-06-27","753957790","16629007"
"2021-06-28","753957790","16629007"
"2021-06-29","753957790","16629007"
"2021-06-30","753957790","16629007"
"2021-07-01","753957790","16629007"
"2021-07-02","753957790","16629007"
"2021-07-03","753957790","16629007"
"2021-07-04","765147826","16845261"
"2021-07-05","765147826","16845261"
"2021-07-06","765147826","16845261"
"2021-07-07","765147826","16845261"
"2021-07-08","765147826","16845261"
"2021-07-09","765147826","16845261"
"2021-07-10","765147826","16845261"
"2021-07-11","778574498","17064674"
"2021-07-12","778574498","17064674"
"2021-07-13","778574498","17064674"
"2021-07-14","778574498","17064674"
"2021-07-15","778574498","17064674"
"2021-07-16","778574498","17064674"
"2021-07-17","778574498","17064674"
"2021-07-18","793401241","17290621"
"2021-07-19","793401241","17290621"
"2021-07-20","793401241","17290621"
"2021-07-21","793401241","17290621"
"2021-07-22","793401241","17290621"
"2021-07-23","793401241","17290621"
"2021-07-24","793401241","17290621"
"2021-07-25","808898733","17570082"
"2021-07-26","808898733","17570082"
"2021-07-27","808898733","17570082"
"2021-07-28","808898733","17570082"
"2021-07-29","808898733","17570082"
"2021-07-30","808898733","17570082"
"2021-07-31","808898733","17570082"
"2021-08-01","825932042","17831781"
"2021-08-02","825932042","17831781"
"2021-08-03","825932042","17831781"
"2021-08-04","825932042","17831781"
"2021-08-05","825932042","17831781"
"2021-08-06","825932042","17831781"
"2021-08-07","825932042","17831781"
"2021-08-08","844047165","18109091"
"2021-08-09","844047165","18109091"
"2021-08-10","844047165","18109091"
"2021-08-11","844047165","18109091"
"2021-08-12","844047165","18109091"
"2021-08-13","844047165","18109091"
"2021-08-14","844047165","18109091"
"2021-08-15","862556155","18389832"
"2021-08-16","862556155","18389832"
"2021-08-17","862556155","18389832"
"2021-08-18","862556155","18389832"
"2021-08-19","862556155","18389832"
"2021-08-20","862556155","18389832"
"2021-08-21","862556155","18389832"
"2021-08-22","881366926","18678095"
"2021-08-23","881366926","18678095"
"2021-08-24","881366926","18678095"
"2021-08-25","881366926","18678095"
"2021-08-26","881366926","18678095"
"2021-08-27","881366926","18678095"
"2021-08-28","881366926","18678095"
"2021-08-29","900048368","18963972"
"2021-08-30","900048368","18963972"
"2021-08-31","900048368","18963972"
"2021-09-01","900048368","18963972"
"2021-09-02","900048368","18963972"
"2021-09-03","900048368","18963972"
"2021-09-04","900048368","18963972"
"2021-09-05","917859059","19238446"
"2021-09-06","917859059","19238446"
"2021-09-07","917859059","19238446"
"2021-09-08","917859059","19238446"
"2021-09-09","917859059","19238446"
"2021-09-10","917859059","19238446"
"2021-09-11","917859059","19238446"
"2021-09-12","933921032","19492029"
"2021-09-13","933921032","19492029"
"2021-09-14","933921032","19492029"
"2021-09-15","933921032","19492029"
"2021-09-16","933921032","19492029"
"2021-09-17","933921032","19492029"
"2021-09-18","933921032","19492029"
"2021-09-19","948984192","19739001"
"2021-09-20","948984192","19739001"
"2021-09-21","948984192","19739001"
"2021-09-22","948984192","19739001"
"2021-09-23","948984192","19739001"
"2021-09-24","948984192","19739001"
"2021-09-25","948984192","19739001"
"2021-09-26","963321738","19964173"
"2021-09-27","963321738","19964173"
"2021-09-28","963321738","19964173"
"2021-09-29","963321738","19964173"
"2021-09-30","963321738","19964173"
"2021-10-01","963321738","19964173"
"2021-10-02","963321738","19964173"
"2021-10-03","976106546","20177884"
"2021-10-04","976106546","20177884"
"2021-10-05","976106546","20177884"
"2021-10-06","976106546","20177884"
"2021-10-07","976106546","20177884"
"2021-10-08","976106546","20177884"
"2021-10-09","976106546","20177884"
"2021-10-10","988313371","20376114"
"2021-10-11","988313371","20376114"
"2021-10-12","988313371","20376114"
"2021-10-13","988313371","20376114"
"2021-10-14","988313371","20376114"
"2021-10-15","988313371","20376114"
"2021-10-16","988313371","20376114"
"2021-10-17","1000298375","20566116"
"2021-10-18","1000298375","20566116"
"2021-10-19","1000298375","20566116"
"2021-10-20","1000298375","20566116"
"2021-10-21","1000298375","20566116"
"2021-10-22","1000298375","20566116"
"2021-10-23","1000298375","20566116"
"2021-10-24","1012938712","20770727"
"2021-10-25","1012938712","20770727"
"2021-10-26","1012938712","20770727"
"2021-10-27","1012938712","20770727"
"2021-10-28","1012938712","20770727"
"2021-10-29","1012938712","20770727"
"2021-10-30","1012938712","20770727"
"2021-10-31","1026223921","20982872"
"2021-11-01","1026223921","20982872"
"2021-11-02","1026223921","20982872"
"2021-11-03","1026223921","20982872"
"2021-11-04","1026223921","20982872"
"2021-11-05","1026223921","20982872"
"2021-11-06","1026223921","20982872"
"2021-11-07","1039873328","21189895"
"2021-11-08","1039873328","21189895"
"2021-11-09","1039873328","21189895"
"2021-11-10","1039873328","21189895"
"2021-11-11","1039873328","21189895"
"2021-11-12","1039873328","21189895"
"2021-11-13","1039873328","21189895"
"2021-11-14","1054992885","21403546"
"2021-11-15","1054992885","21403546"
"2021-11-16","1054992885","21403546"
"2021-11-17","1054992885","21403546"
"2021-11-18","1054992885","21403546"
"2021-11-19","1054992885","21403546"
"2021-11-20","1054992885","21403546"
"2021-11-21","1071986683","21635594"
"2021-11-22","1071986683","21635594"
"2021-11-23","1071986683","21635594"
"2021-11-24","1071986683","21635594"
"2021-11-25","1071986683","21635594"
"2021-11-26","1071986683","21635594"
"2021-11-27","1071986683","21635594"
"2021-11-28","1089958030","21850277"
"2021-11-29","1089958030","21850277"
"2021-11-30","1089958030","21850277"
"2021-12-01","1089958030","21850277"
"2021-12-02","1089958030","21850277"
"2021-12-03","1089958030","21850277"
"2021-12-04","1089958030","21850277"
"2021-12-05","1108894565","22080172"
"2021-12-06","1108894565","22080172"
"2021-12-07","1108894565","22080172"
"2021-12-08","1108894565","22080172"
"2021-12-09","1108894565","22080172"
"2021-12-10","1108894565","22080172"
"2021-12-11","1108894565","22080172"
"2021-12-12","1127890635","22293389"
"2021-12-13","1127890635","22293389"
"2021-12-14","1127890635","22293389"
"2021-12-15","1127890635","22293389"
"2021-12-16","1127890635","22293389"
"2021-12-17","1127890635","22293389"
"2021-12-18","1127890635","22293389"
"2021-12-19","1148460019","22496261"
"2021-12-20","1148460019","22496261"
"2021-12-21","1148460019","22496261"
"2021-12-22","1148460019","22496261"
"2021-12-23","1148460019","22496261"
"2021-12-24","1148460019","22496261"
"2021-12-25","1148460019","22496261"
"2021-12-26","1174977640","22694243"
"2021-12-27","1174977640","22694243"
"2021-12-28","1174977640","22694243"
"2021-12-29","1174977640","22694243"
"2021-12-30","1174977640","22694243"
"2021-12-31","1174977640","22694243"
"2022-01-01","1174977640","22694243"
"2022-01-02","1220792574","22876633"
"2022-01-03","1220792574","22876633"
"2022-01-04","1220792574","22876633"
"2022-01-05","1220792574","22876633"
"2022-01-06","1220792574","22876633"
"2022-01-07","1220792574","22876633"
"2022-01-08","1220792574","22876633"
"2022-01-09","1292822728","23070010"
"2022-01-10","1292822728","23070010"
"2022-01-11","1292822728","23070010"
"2022-01-12","1292822728","23070010"
"2022-01-13","1292822728","23070010"
"2022-01-14","1292822728","23070010"
"2022-01-15","1292822728","23070010"
"2022-01-16","1382077152","23291352"
"2022-01-17","1382077152","23291352"
"2022-01-18","1382077152","23291352"
"2022-01-19","1382077152","23291352"
"2022-01-20","1382077152","23291352"
"2022-01-21","1382077152","23291352"
"2022-01-22","1382077152","23291352"
"2022-01-23","1484415651","23542791"
"2022-01-24","1484415651","23542791"
"2022-01-25","1484415651","23542791"
"2022-01-26","1484415651","23542791"
"2022-01-27","1484415651","23542791"
"2022-01-28","1484415651","23542791"
"2022-01-29","1484415651","23542791"
"2022-01-30","1586903261","23827201"
"2022-01-31","1586903261","23827201"
"2022-02-01","1586903261","23827201"
"2022-02-02","1586903261","23827201"
"2022-02-03","1586903261","23827201"
"2022-02-04","1586903261","23827201"
"2022-02-05","1586903261","23827201"
"2022-02-06","1674165113","24145162"
"2022-02-07","1674165113","24145162"
"2022-02-08","1674165113","24145162"
"2022-02-09","1674165113","24145162"
"2022-02-10","1674165113","24145162"
"2022-02-11","1674165113","24145162"
"2022-02-12","1674165113","24145162"
"2022-02-13","1743535654","24465622"
"2022-02-14","1743535654","24465622"
"2022-02-15","1743535654","24465622"
"2022-02-16","1743535654","24465622"
"2022-02-17","1743535654","24465622"
"2022-02-18","1743535654","24465622"
"2022-02-19","1743535654","24465622"
"2022-02-20","1799286343","24758196"
"2022-02-21","1799286343","24758196"
"2022-02-22","1799286343","24758196"
"2022-02-23","1799286343","24758196"
"2022-02-24","1799286343","24758196"
"2022-02-25","1799286343","24758196"
"2022-02-26","1799286343","24758196"
"2022-02-27","1846891862","25007996"
"2022-02-28","1846891862","25007996"
"2022-03-01","1846891862","25007996"
"2022-03-02","1846891862","25007996"
"2022-03-03","1846891862","25007996"
"2022-03-04","1846891862","25007996"
"2022-03-05","1846891862","25007996"
"2022-03-06","1893822743","25225957"
"2022-03-07","1893822743","25225957"
"2022-03-08","1893822743","25225957"
"2022-03-09","1893822743","25225957"
"2022-03-10","1893822743","25225957"
"2022-03-11","1893822743","25225957"
"2022-03-12","1893822743","25225957"
"2022-03-13","1944874599","25409762"
"2022-03-14","1944874599","25409762"
"2022-03-15","1944874599","25409762"
"2022-03-16","1944874599","25409762"
"2022-03-17","1944874599","25409762"
"2022-03-18","1944874599","25409762"
"2022-03-19","1944874599","25409762"
"2022-03-20","1998607220","25553143"
"2022-03-21","1998607220","25553143"
"2022-03-22","1998607220","25553143"
"2022-03-23","1998607220","25553143"
"2022-03-24","1998607220","25553143"
"2022-03-25","1998607220","25553143"
"2022-03-26","1998607220","25553143"
"2022-03-27","2046924139","25746731"
"2022-03-28","2046924139","25746731"
"2022-03-29","2046924139","25746731"
"2022-03-30","2046924139","25746731"
"2022-03-31","2046924139","25746731"
"2022-04-01","2046924139","25746731"
"2022-04-02","2046924139","25746731"
"2022-04-03","2088163561","25861210"
"2022-04-04","2088163561","25861210"
"2022-04-05","2088163561","25861210"
"2022-04-06","2088163561","25861210"
"2022-04-07","2088163561","25861210"
"2022-04-08","2088163561","25861210"
"2022-04-09","2088163561","25861210"
"2022-04-10","2120029057","25959086"
"2022-04-11","2120029057","25959086"
"2022-04-12","2120029057","25959086"
"2022-04-13","2120029057","25959086"
"2022-04-14","2120029057","25959086"
"2022-04-15","2120029057","25959086"
"2022-04-16","2120029057","25959086"
"2022-04-17","2145342226","26041524"
"2022-04-18","2145342226","26041524"
"2022-04-19","2145342226","26041524"
"2022-04-20","2145342226","26041524"
"2022-04-21","2145342226","26041524"
"2022-04-22","2145342226","26041524"
"2022-04-23","2145342226","26041524"
"2022-04-24","2166285496","26113931"
"2022-04-25","2166285496","26113931"
"2022-04-26","2166285496","26113931"
"2022-04-27","2166285496","26113931"
"2022-04-28","2166285496","26113931"
"2022-04-29","2166285496","26113931"
"2022-04-30","2166285496","26113931"
"2022-05-01","2184057445","26183485"
"2022-05-02","2184057445","26183485"
"2022-05-03","2184057445","26183485"
"2022-05-04","2184057445","26183485"
"2022-05-05","2184057445","26183485"
"2022-05-06","2184057445","26183485"
"2022-05-07","2184057445","26183485"
"2022-05-08","2199964358","26239131"
"2022-05-09","2199964358","26239131"
"2022-05-10","2199964358","26239131"
"2022-05-11","2199964358","26239131"
"2022-05-12","2199964358","26239131"
"2022-05-13","2199964358","26239131"
"2022-05-14","2199964358","26239131"
"2022-05-15","2217141989","26287444"
"2022-05-16","2217141989","26287444"
"2022-05-17","2217141989","26287444"
"2022-05-18","2217141989","26287444"
"2022-05-19","2217141989","26287444"
"2022-05-20","2217141989","26287444"
"2022-05-21","2217141989","26287444"
"2022-05-22","2233329882","26332024"
"2022-05-23","2233329882","26332024"
"2022-05-24","2233329882","26332024"
"2022-05-25","2233329882","26332024"
"2022-05-26","2233329882","26332024"
"2022-05-27","2233329882","26332024"
"2022-05-28","2233329882","26332024"
"2022-05-29","2247663287","26375772"
"2022-05-30","2247663287","26375772"
"2022-05-31","2247663287","26375772"
"2022-06-01","2247663287","26375772"
"2022-06-02","2247663287","26375772"
"2022-06-03","2247663287","26375772"
"2022-06-04","2247663287","26375772"
"2022-06-05","2261546643","26415011"
"2022-06-06","2261546643","26415011"
"2022-06-07","2261546643","26415011"
"2022-06-08","2261546643","26415011"
"2022-06-09","2261546643","26415011"
"2022-06-10","2261546643","26415011"
"2022-06-11","2261546643","26415011"
"2022-06-12","2276622502","26454621"
"2022-06-13","2276622502","26454621"
"2022-06-14","2276622502","26454621"
"2022-06-15","2276622502","26454621"
"2022-06-16","2276622502","26454621"
"2022-06-17","2276622502","26454621"
"2022-06-18","2276622502","26454621"
"2022-06-19","2292992695","26492147"
"2022-06-20","2292992695","26492147"
"2022-06-21","2292992695","26492147"
"2022-06-22","2292992695","26492147"
"2022-06-23","2292992695","26492147"
"2022-06-24","2292992695","26492147"
"2022-06-25","2292992695","26492147"
"2022-06-26","2313196356","26536151"
"2022-06-27","2313196356","26536151"
"2022-06-28","2313196356","26536151"
"2022-06-29","2313196356","26536151"
"2022-06-30","2313196356","26536151"
"2022-07-01","2313196356","26536151"
"2022-07-02","2313196356","26536151"
"2022-07-03","2336764734","26584228"
"2022-07-04","2336764734","26584228"
"2022-07-05","2336764734","26584228"
"2022-07-06","2336764734","26584228"
"2022-07-07","2336764734","26584228"
"2022-07-08","2336764734","26584228"
"2022-07-09","2336764734","26584228"
"2022-07-10","2364943199","26637518"
"2022-07-11","2364943199","26637518"
"2022-07-12","2364943199","26637518"
"2022-07-13","2364943199","26637518"
"2022-07-14","2364943199","26637518"
"2022-07-15","2364943199","26637518"
"2022-07-16","2364943199","26637518"
"2022-07-17","2395541348","26700615"
"2022-07-18","2395541348","26700615"
"2022-07-19","2395541348","26700615"
"2022-07-20","2395541348","26700615"
"2022-07-21","2395541348","26700615"
"2022-07-22","2395541348","26700615"
"2022-07-23","2395541348","26700615"
"2022-07-24","2426459194","26771926"
"2022-07-25","2426459194","26771926"
"2022-07-26","2426459194","26771926"
"2022-07-27","2426459194","26771926"
"2022-07-28","2426459194","26771926"
"2022-07-29","2426459194","26771926"
"2022-07-30","2426459194","26771926"
"2022-07-31","2456979080","26848062"
"2022-08-01","2456979080","26848062"
"2022-08-02","2456979080","26848062"
"2022-08-03","2456979080","26848062"
"2022-08-04","2456979080","26848062"
"2022-08-05","2456979080","26848062"
"2022-08-06","2456979080","26848062"
"2022-08-07","2486030236","26921313"
"2022-08-08","2486030236","26921313"
"2022-08-09","2486030236","26921313"
"2022-08-10","2486030236","26921313"
"2022-08-11","2486030236","26921313"
"2022-08-12","2486030236","26921313"
"2022-08-13","2486030236","26921313"
"2022-08-14","2510030405","26994669"
"2022-08-15","2510030405","26994669"
"2022-08-16","2510030405","26994669"
"2022-08-17","2510030405","26994669"
"2022-08-18","2510030405","26994669"
"2022-08-19","2510030405","26994669"
"2022-08-20","2510030405","26994669"
"2022-08-21","2532399033","27062020"
"2022-08-22","2532399033","27062020"
"2022-08-23","2532399033","27062020"
"2022-08-24","2532399033","27062020"
"2022-08-25","2532399033","27062020"
"2022-08-26","2532399033","27062020"
"2022-08-27","2532399033","27062020"
"2022-08-28","2552216825","27125728"
"2022-08-29","2552216825","27125728"
"2022-08-30","2552216825","27125728"
"2022-08-31","2552216825","27125728"
"2022-09-01","2552216825","27125728"
"2022-09-02","2552216825","27125728"
"2022-09-03","2552216825","27125728"
"2022-09-04","2570043256","27183954"
"2022-09-05","2570043256","27183954"
"2022-09-06","2570043256","27183954"
"2022-09-07","2570043256","27183954"
"2022-09-08","2570043256","27183954"
"2022-09-09","2570043256","27183954"
"2022-09-10","2570043256","27183954"
"2022-09-11","2583766422","27231644"
"2022-09-12","2583766422","27231644"
"2022-09-13","2583766422","27231644"
"2022-09-14","2583766422","27231644"
"2022-09-15","2583766422","27231644"
"2022-09-16","2583766422","27231644"
"2022-09-17","2583766422","27231644"
"2022-09-18","2598140095","27276621"
"2022-09-19","2598140095","27276621"
"2022-09-20","2598140095","27276621"
"2022-09-21","2598140095","27276621"
"2022-09-22","2598140095","27276621"
"2022-09-23","2598140095","27276621"
"2022-09-24","2598140095","27276621"
"2022-09-25","2611953665","27319164"
"2022-09-26","2611953665","27319164"
"2022-09-27","2611953665","27319164"
"2022-09-28","2611953665","27319164"
"2022-09-29","2611953665","27319164"
"2022-09-30","2611953665","27319164"
"2022-10-01","2611953665","27319164"
"2022-10-02","2626207676","27362615"
"2022-10-03","2626207676","27362615"
"2022-10-04","2626207676","27362615"
"2022-10-05","2626207676","27362615"
"2022-10-06","2626207676","27362615"
"2022-10-07","2626207676","27362615"
"2022-10-08","2626207676","27362615"
"2022-10-09","2640693493","27410810"
"2022-10-10","2640693493","27410810"
"2022-10-11","2640693493","27410810"
"2022-10-12","2640693493","27410810"
"2022-10-13","2640693493","27410810"
"2022-10-14","2640693493","27410810"
"2022-10-15","2640693493","27410810"
"2022-10-16","2655040264","27458348"
"2022-10-17","2655040264","27458348"
"2022-10-18","2655040264","27458348"
"2022-10-19","2655040264","27458348"
"2022-10-20","2655040264","27458348"
"2022-10-21","2655040264","27458348"
"2022-10-22","2655040264","27458348"
"2022-10-23","2668040940","27509834"
"2022-10-24","2668040940","27509834"
"2022-10-25","2668040940","27509834"
"2022-10-26","2668040940","27509834"
"2022-10-27","2668040940","27509834"
"2022-10-28","2668040940","27509834"
"2022-10-29","2668040940","27509834"
"2022-10-30","2679187891","27559475"
"2022-10-31","2679187891","27559475"
"2022-11-01","2679187891","27559475"
"2022-11-02","2679187891","27559475"
"2022-11-03","2679187891","27559475"
"2022-11-04","2679187891","27559475"
"2022-11-05","2679187891","27559475"
"2022-11-06","2689265357","27607073"
"2022-11-07","2689265357","27607073"
"2022-11-08","2689265357","27607073"
"2022-11-09","2689265357","27607073"
"2022-11-10","2689265357","27607073"
"2022-11-11","2689265357","27607073"
"2022-11-12","2689265357","27607073"
"2022-11-13","2699914533","27647789"
"2022-11-14","2699914533","27647789"
"2022-11-15","2699914533","27647789"
"2022-11-16","2699914533","27647789"
"2022-11-17","2699914533","27647789"
"2022-11-18","2699914533","27647789"
"2022-11-19","2699914533","27647789"
"2022-11-20","2711410869","27687951"
"2022-11-21","2711410869","27687951"
"2022-11-22","2711410869","27687951"
"2022-11-23","2711410869","27687951"
"2022-11-24","2711410869","27687951"
"2022-11-25","2711410869","27687951"
"2022-11-26","2711410869","27687951"
"2022-11-27","2724165384","27731568"
"2022-11-28","2724165384","27731568"
"2022-11-29","2724165384","27731568"
"2022-11-30","2724165384","27731568"
"2022-12-01","2724165384","27731568"
"2022-12-02","2724165384","27731568"
"2022-12-03","2724165384","27731568"
"2022-12-04","2738073425","27775187"
"2022-12-05","2738073425","27775187"
"2022-12-06","2738073425","27775187"
"2022-12-07","2738073425","27775187"
"2022-12-08","2738073425","27775187"
"2022-12-09","2738073425","27775187"
"2022-12-10","2738073425","27775187"
"2022-12-11","2757536072","27829865"
"2022-12-12","2757536072","27829865"
"2022-12-13","2757536072","27829865"
"2022-12-14","2757536072","27829865"
"2022-12-15","2757536072","27829865"
"2022-12-16","2757536072","27829865"
"2022-12-17","2757536072","27829865"
"2022-12-18","2818411914","27892728"
"2022-12-19","2818411914","27892728"
"2022-12-20","2818411914","27892728"
"2022-12-21","2818411914","27892728"
"2022-12-22","2818411914","27892728"
"2022-12-23","2818411914","27892728"
"2022-12-24","2818411914","27892728"
"2022-12-25","2996184730","27978579"
"2022-12-26","2996184730","27978579"
"2022-12-27","2996184730","27978579"
"2022-12-28","2996184730","27978579"
"2022-12-29","2996184730","27978579"
"2022-12-30","2996184730","27978579"
"2022-12-31","2996184730","27978579"
"2023-01-01","3107692791","28112292"
"2023-01-02","3107692791","28112292"
"2023-01-03","3107692791","28112292"
"2023-01-04","3107692791","28112292"
"2023-01-05","3107692791","28112292"
"2023-01-06","3107692791","28112292"
"2023-01-07","3107692791","28112292"
"2023-01-08","3152055375","28214443"
"2023-01-09","3152055375","28214443"
"2023-01-10","3152055375","28214443"
"2023-01-11","3152055375","28214443"
"2023-01-12","3152055375","28214443"
"2023-01-13","3152055375","28214443"
"2023-01-14","3152055375","28214443"
"2023-01-15","3171914646","28261185"
"2023-01-16","3171914646","28261185"
"2023-01-17","3171914646","28261185"
"2023-01-18","3171914646","28261185"
"2023-01-19","3171914646","28261185"
"2023-01-20","3171914646","28261185"
"2023-01-21","3171914646","28261185"
"2023-01-22","3182190770","28302499"
"2023-01-23","3182190770","28302499"
"2023-01-24","3182190770","28302499"
"2023-01-25","3182190770","28302499"
"2023-01-26","3182190770","28302499"
"2023-01-27","3182190770","28302499"
"2023-01-28","3182190770","28302499"
"2023-01-29","3188632454","28337972"
"2023-01-30","3188632454","28337972"
"2023-01-31","3188632454","28337972"
"2023-02-01","3188632454","28337972"
"2023-02-02","3188632454","28337972"
"2023-02-03","3188632454","28337972"
"2023-02-04","3188632454","28337972"
"2023-02-05","3194391297","28618532"
"2023-02-06","3194391297","28618532"
"2023-02-07","3194391297","28618532"
"2023-02-08","3194391297","28618532"
"2023-02-09","3194391297","28618532"
"2023-02-10","3194391297","28618532"
"2023-02-11","3194391297","28618532"
"2023-02-12","3199599866","28660544"
"2023-02-13","3199599866","28660544"
"2023-02-14","3199599866","28660544"
"2023-02-15","3199599866","28660544"
"2023-02-16","3199599866","28660544"
"2023-02-17","3199599866","28660544"
"2023-02-18","3199599866","28660544"
"2023-02-19","3204432965","28696488"
"2023-02-20","3204432965","28696488"
"2023-02-21","3204432965","28696488"
"2023-02-22","3204432965","28696488"
"2023-02-23","3204432965","28696488"
"2023-02-24","3204432965","28696488"
"2023-02-25","3204432965","28696488"
"2023-02-26","3209008707","28729273"
"2023-02-27","3209008707","28729273"
"2023-02-28","3209008707","28729273"
"2023-03-01","3209008707","28729273"
"2023-03-02","3209008707","28729273"
"2023-03-03","3209008707","28729273"
"2023-03-04","3209008707","28729273"
"2023-03-05","3213377576","28758960"
"2023-03-06","3213377576","28758960"
"2023-03-07","3213377576","28758960"
"2023-03-08","3213377576","28758960"
"2023-03-09","3213377576","28758960"
"2023-03-10","3213377576","28758960"
"2023-03-11","3213377576","28758960"
"2023-03-12","3217179783","28785926"
"2023-03-13","3217179783","28785926"
"2023-03-14","3217179783","28785926"
"2023-03-15","3217179783","28785926"
"2023-03-16","3217179783","28785926"
"2023-03-17","3217179783","28785926"
"2023-03-18","3217179783","28785926"
"2023-03-19","3220914974","28814286"
"2023-03-20","3220914974","28814286"
"2023-03-21","3220914974","28814286"
"2023-03-22","3220914974","28814286"
"2023-03-23","3220914974","28814286"
"2023-03-24","3220914974","28814286"
"2023-03-25","3220914974","28814286"
"2023-03-26","3224450725","28842829"
"2023-03-27","3224450725","28842829"
"2023-03-28","3224450725","28842829"
"2023-03-29","3224450725","28842829"
"2023-03-30","3224450725","28842829"
"2023-03-31","3224450725","28842829"
"2023-04-01","3224450725","28842829"
"2023-04-02","3227823632","28854622"
"2023-04-03","3227823632","28854622"
"2023-04-04","3227823632","28854622"
"2023-04-05","3227823632","28854622"
"2023-04-06","3227823632","28854622"
"2023-04-07","3227823632","28854622"
"2023-04-08","3227823632","28854622"
"2023-04-09","3230773324","28878440"
"2023-04-10","3230773324","28878440"
"2023-04-11","3230773324","28878440"
"2023-04-12","3230773324","28878440"
"2023-04-13","3230773324","28878440"
"2023-04-14","3230773324","28878440"
"2023-04-15","3230773324","28878440"
"2023-04-16","3233692289","28900688"
"2023-04-17","3233692289","28900688"
"2023-04-18","3233692289","28900688"
"2023-04-19","3233692289","28900688"
"2023-04-20","3233692289","28900688"
"2023-04-21","3233692289","28900688"
"2023-04-22","3233692289","28900688"
"2023-04-23","3236781021","28923194"
"2023-04-24","3236781021","28923194"
"2023-04-25","3236781021","28923194"
"2023-04-26","3236781021","28923194"
"2023-04-27","3236781021","28923194"
"2023-04-28","3236781021","28923194"
"2023-04-29","3236781021","28923194"
"2023-04-30","3239634452","28943416"
"2023-05-01","3239634452","28943416"
"2023-05-02","3239634452","28943416"
"2023-05-03","3239634452","28943416"
"2023-05-04","3239634452","28943416"
"2023-05-05","3239634452","28943416"
"2023-05-06","3239634452","28943416"
"2023-05-07","3242169769","28963508"
"2023-05-08","3242169769","28963508"
"2023-05-09","3242169769","28963508"
"2023-05-10","3242169769","28963508"
"2023-05-11","3242169769","28963508"
"2023-05-12","3242169769","28963508"
"2023-05-13","3242169769","28963508"
"2023-05-14","3244519743","28984741"
"2023-05-15","3244519743","28984741"
"2023-05-16","3244519743","28984741"
"2023-05-17","3244519743","28984741"
"2023-05-18","3244519743","28984741"
"2023-05-19","3244519743","28984741"
"2023-05-20","3244519743","28984741"
"2023-05-21","3246077934","28997028"
"2023-05-22","3246077934","28997028"
"2023-05-23","3246077934","28997028"
"2023-05-24","3246077934","28997028"
"2023-05-25","3246077934","28997028"
"2023-05-26","3246077934","28997028"
"2023-05-27","3246077934","28997028"
"2023-05-28","3247540598","29008758"
"2023-05-29","3247540598","29008758"
"2023-05-30","3247540598","29008758"
"2023-05-31","3247540598","29008758"
"2023-06-01","3247540598","29008758"
"2023-06-02","3247540598","29008758"
"2023-06-03","3247540598","29008758"
"2023-06-04","3248755045","29019110"
"2023-06-05","3248755045","29019110"
"2023-06-06","3248755045","29019110"
"2023-06-07","3248755045","29019110"
"2023-06-08","3248755045","29019110"
"2023-06-09","3248755045","29019110"
"2023-06-10","3248755045","29019110"
"2023-06-11","3249922035","29029278"
"2023-06-12","3249922035","29029278"
"2023-06-13","3249922035","29029278"
"2023-06-14","3249922035","29029278"
"2023-06-15","3249922035","29029278"
"2023-06-16","3249922035","29029278"
"2023-06-17","3249922035","29029278"
"2023-06-18","3250527782","29037152"
"2023-06-19","3250527782","29037152"
"2023-06-20","3250527782","29037152"
"2023-06-21","3250527782","29037152"
"2023-06-22","3250527782","29037152"
"2023-06-23","3250527782","29037152"
"2023-06-24","3250527782","29037152"
"2023-06-25","3251373616","29043773"
"2023-06-26","3251373616","29043773"
"2023-06-27","3251373616","29043773"
"2023-06-28","3251373616","29043773"
"2023-06-29","3251373616","29043773"
"2023-06-30","3251373616","29043773"
"2023-07-01","3251373616","29043773"
"2023-07-02","3252092545","29048544"
"2023-07-03","3252092545","29048544"
"2023-07-04","3252092545","29048544"
"2023-07-05","3252092545","29048544"
"2023-07-06","3252092545","29048544"
"2023-07-07","3252092545","29048544"
"2023-07-08","3252092545","29048544"
"2023-07-09","3252830634","29052979"
"2023-07-10","3252830634","29052979"
"2023-07-11","3252830634","29052979"
"2023-07-12","3252830634","29052979"
"2023-07-13","3252830634","29052979"
"2023-07-14","3252830634","29052979"
"2023-07-15","3252830634","29052979"
"2023-07-16","3253645336","29056859"
"2023-07-17","3253645336","29056859"
"2023-07-18","3253645336","29056859"
"2023-07-19","3253645336","29056859"
"2023-07-20","3253645336","29056859"
"2023-07-21","3253645336","29056859"
"2023-07-22","3253645336","29056859"
"2023-07-23","3254655644","29060769"
"2023-07-24","3254655644","29060769"
"2023-07-25","3254655644","29060769"
"2023-07-26","3254655644","29060769"
"2023-07-27","3254655644","29060769"
"2023-07-28","3254655644","29060769"
"2023-07-29","3254655644","29060769"
"2023-07-30","3255935682","29065325"
"2023-07-31","3255935682","29065325"
"2023-08-01","3255935682","29065325"
"2023-08-02","3255935682","29065325"
"2023-08-03","3255935682","29065325"
"2023-08-04","3255935682","29065325"
"2023-08-05","3255935682","29065325"
"2023-08-06","3258758469","29071773"
"2023-08-07","3258758469","29071773"
"2023-08-08","3258758469","29071773"
"2023-08-09","3258758469","29071773"
"2023-08-10","3258758469","29071773"
"2023-08-11","3258758469","29071773"
"2023-08-12","3258758469","29071773"
"2023-08-13","3259312692","29077249"
"2023-08-14","3259312692","29077249"
"2023-08-15","3259312692","29077249"
"2023-08-16","3259312692","29077249"
"2023-08-17","3259312692","29077249"
"2023-08-18","3259312692","29077249"
"2023-08-19","3259312692","29077249"
"2023-08-20","3260450266","29084177"
"2023-08-21","3260450266","29084177"
"2023-08-22","3260450266","29084177"
"2023-08-23","3260450266","29084177"
"2023-08-24","3260450266","29084177"
"2023-08-25","3260450266","29084177"
"2023-08-26","3260450266","29084177"
"2023-08-27","3261911106","29092525"
"2023-08-28","3261911106","29092525"
"2023-08-29","3261911106","29092525"
"2023-08-30","3261911106","29092525"
"2023-08-31","3261911106","29092525"
"2023-09-01","3261911106","29092525"
"2023-09-02","3261911106","29092525"
"2023-09-03","3263311973","29100511"
"2023-09-04","3263311973","29100511"
"2023-09-05","3263311973","29100511"
"2023-09-06","3263311973","29100511"
"2023-09-07","3263311973","29100511"
"2023-09-08","3263311973","29100511"
"2023-09-09","3263311973","29100511"
"2023-09-10","3264297542","29109923"
"2023-09-11","3264297542","29109923"
"2023-09-12","3264297542","29109923"
"2023-09-13","3264297542","29109923"
"2023-09-14","3264297542","29109923"
"2023-09-15","3264297542","29109923"
"2023-09-16","3264297542","29109923"
"2023-09-17","3264849383","29119376"
"2023-09-18","3264849383","29119376"
"2023-09-19","3264849383","29119376"
"2023-09-20","3264849383","29119376"
"2023-09-21","3264849383","29119376"
"2023-09-22","3264849383","29119376"
"2023-09-23","3264849383","29119376"
"2023-09-24","3265476158","29129200"
"2023-09-25","3265476158","29129200"
"2023-09-26","3265476158","29129200"
"2023-09-27","3265476158","29129200"
"2023-09-28","3265476158","29129200"
"2023-09-29","3265476158","29129200"
"2023-09-30","3265476158","29129200"
"2023-10-01","3266187963","29139746"
"2023-10-02","3266187963","29139746"
"2023-10-03","3266187963","29139746"
"2023-10-04","3266187963","29139746"
"2023-10-05","3266187963","29139746"
"2023-10-06","3266187963","29139746"
"2023-10-07","3266187963","29139746"
"2023-10-08","3266941593","29150918"
"2023-10-09","3266941593","29150918"
"2023-10-10","3266941593","29150918"
"2023-10-11","3266941593","29150918"
"2023-10-12","3266941593","29150918"
"2023-10-13","3266941593","29150918"
"2023-10-14","3266941593","29150918"
"2023-10-15","3267623218","29161756"
"2023-10-16","3267623218","29161756"
"2023-10-17","3267623218","29161756"
"2023-10-18","3267623218","29161756"
"2023-10-19","3267623218","29161756"
"2023-10-20","3267623218","29161756"
"2023-10-21","3267623218","29161756"
"2023-10-22","3268254176","29178571"
"2023-10-23","3268254176","29178571"
"2023-10-24","3268254176","29178571"
"2023-10-25","3268254176","29178571"
"2023-10-26","3268254176","29178571"
"2023-10-27","3268254176","29178571"
"2023-10-28","3268254176","29178571"
"2023-10-29","3268890014","29187779"
"2023-10-30","3268890014","29187779"
"2023-10-31","3268890014","29187779"
"2023-11-01","3268890014","29187779"
"2023-11-02","3268890014","29187779"
"2023-11-03","3268890014","29187779"
"2023-11-04","3268890014","29187779"
"2023-11-05","3269585531","29198166"
"2023-11-06","3269585531","29198166"
"2023-11-07","3269585531","29198166"
"2023-11-08","3269585531","29198166"
"2023-11-09","3269585531","29198166"
"2023-11-10","3269585531","29198166"
"2023-11-11","3269585531","29198166"
"2023-11-12","3270356638","29210140"
"2023-11-13","3270356638","29210140"
"2023-11-14","3270356638","29210140"
"2023-11-15","3270356638","29210140"
"2023-11-16","3270356638","29210140"
"2023-11-17","3270356638","29210140"
"2023-11-18","3270356638","29210140"
"2023-11-19","3271268535","29222239"
"2023-11-20","3271268535","29222239"
"2023-11-21","3271268535","29222239"
"2023-11-22","3271268535","29222239"
"2023-11-23","3271291995","29222377"
"2023-11-24","3271291995","29222377"
"2023-11-25","3271291995","29222377"
"2023-11-26","3272339699","29234299"
"2023-11-27","3272339699","29234299"
"2023-11-28","3272339699","29234299"
"2023-11-29","3272339699","29234299"
"2023-11-30","3272339699","29234299"
"2023-12-01","3272339699","29234299"
"2023-12-02","3272339699","29234299"
"2023-12-03","3273578495","29248671"
"2023-12-04","3273578495","29248671"
"2023-12-05","3273578495","29248671"
"2023-12-06","3273578495","29248671"
"2023-12-07","3273578495","29248671"
"2023-12-08","3273578495","29248671"
"2023-12-09","3273578495","29248671"
"2023-12-10","3275038324","29263909"
"2023-12-11","3275038324","29263909"
"2023-12-12","3275038324","29263909"
"2023-12-13","3275038324","29263909"
"2023-12-14","3275038324","29263909"
"2023-12-15","3275038324","29263909"
"2023-12-16","3275038324","29263909"
"2023-12-17","3276716645","29279964"
"2023-12-18","3276716645","29279964"
"2023-12-19","3276716645","29279964"
"2023-12-20","3276716645","29279964"
"2023-12-21","3276716645","29279964"
"2023-12-22","3276716645","29279964"
"2023-12-23","3276716645","29279964"
"2023-12-24","3278275221","29295880"
"2023-12-25","3278275221","29295880"
"2023-12-26","3278275221","29295880"
"2023-12-27","3278275221","29295880"
"2023-12-28","3278275221","29295880"
"2023-12-29","3278275221","29295880"
"2023-12-30","3278275221","29295880"
"2023-12-31","3279413987","29312541"
"2024-01-01","3279413987","29312541"
"2024-01-02","3279413987","29312541"
"2024-01-03","3279413987","29312541"
"2024-01-04","3279413987","29312541"
"2024-01-05","3279413987","29312541"
"2024-01-06","3279413987","29312541"
"2024-01-07","3280286446","29330780"
"2024-01-08","3280286446","29330780"
"2024-01-09","3280286446","29330780"
"2024-01-10","3280286446","29330780"
"2024-01-11","3280286446","29330780"
"2024-01-12","3280286446","29330780"
"2024-01-13","3280286446","29330780"
"2024-01-14","3281082548","29347898"
"2024-01-15","3281082548","29347898"
"2024-01-16","3281082548","29347898"
"2024-01-17","3281082548","29347898"
"2024-01-18","3281082548","29347898"
"2024-01-19","3281082548","29347898"
"2024-01-20","3281082548","29347898"
"2024-01-21","3281665906","29363122"
"2024-01-22","3281665906","29363122"
"2024-01-23","3281665906","29363122"
"2024-01-24","3281665906","29363122"
"2024-01-25","3281665906","29363122"
"2024-01-26","3281665906","29363122"
"2024-01-27","3281665906","29363122"
"2024-01-28","3282154099","29375710"
"2024-01-29","3282154099","29375710"
"2024-01-30","3282154099","29375710"
"2024-01-31","3282154099","29375710"
"2024-02-01","3282154099","29375710"
"2024-02-02","3282154099","29375710"
"2024-02-03","3282154099","29375710"
"2024-02-04","3282573340","29385995"
"2024-02-05","3282573340","29385995"
"2024-02-06","3282573340","29385995"
"2024-02-07","3282573340","29385995"
"2024-02-08","3282573340","29385995"
"2024-02-09","3282573340","29385995"
"2024-02-10","3282573340","29385995"
"2024-02-11","3282943804","29395217"
"2024-02-12","3282943804","29395217"
"2024-02-13","3282943804","29395217"
"2024-02-14","3282943804","29395217"
"2024-02-15","3282943804","29395217"
"2024-02-16","3282943804","29395217"
"2024-02-17","3282943804","29395217"
"2024-02-18","3283269341","29402835"
"2024-02-19","3283269341","29402835"
"2024-02-20","3283269341","29402835"
"2024-02-21","3283269341","29402835"
"2024-02-22","3283269341","29402835"
"2024-02-23","3283269341","29402835"
"2024-02-24","3283269341","29402835"
"2024-02-25","3283583726","29410072"
"2024-02-26","3283583726","29410072"
"2024-02-27","3283583726","29410072"
"2024-02-28","3283583726","29410072"
"2024-02-29","3283583726","29410072"
"2024-03-01","3283583726","29410072"
"2024-03-02","3283583726","29410072"
"2024-03-03","3283877184","29417008"
"2024-03-04","3283877184","29417008"
"2024-03-05","3283877184","29417008"
"2024-03-06","3283877184","29417008"
"2024-03-07","3283877184","29417008"
"2024-03-08","3283877184","29417008"
"2024-03-09","3283877184","29417008"
"2024-03-10","3284125492","29422916"
"2024-03-11","3284125492","29422916"
"2024-03-12","3284125492","29422916"
"2024-03-13","3284125492","29422916"
"2024-03-14","3284125492","29422916"
"2024-03-15","3284125492","29422916"
"2024-03-16","3284125492","29422916"
"2024-03-17","3284361757","29428343"
"2024-03-18","3284361757","29428343"
"2024-03-19","3284361757","29428343"
"2024-03-20","3284361757","29428343"
"2024-03-21","3284361757","29428343"
"2024-03-22","3284361757","29428343"
"2024-03-23","3284361757","29428343"
"2024-03-24","3284568292","29433396"
"2024-03-25","3284568292","29433396"
"2024-03-26","3284568292","29433396"
"2024-03-27","3284568292","29433396"
"2024-03-28","3284568292","29433396"
"2024-03-29","3284568292","29433396"
"2024-03-30","3284568292","29433396"
"2024-03-31","3285027742","29437439"
"2024-04-01","3285027742","29437439"
"2024-04-02","3285027742","29437439"
"2024-04-03","3285027742","29437439"
"2024-04-04","3285027742","29437439"
"2024-04-05","3285027742","29437439"
"2024-04-06","3285027742","29437439"
"2024-04-07","3285192310","29441092"
"2024-04-08","3285192310","29441092"
"2024-04-09","3285192310","29441092"
"2024-04-10","3285192310","29441092"
"2024-04-11","3285192310","29441092"
"2024-04-12","3285192310","29441092"
"2024-04-13","3285192310","29441092"
"2024-04-14","3285354921","29444468"
"2024-04-15","3285354921","29444468"
"2024-04-16","3285354921","29444468"
"2024-04-17","3285354921","29444468"
"2024-04-18","3285354921","29444468"
"2024-04-19","3285354921","29444468"
"2024-04-20","3285354921","29444468"
"2024-04-21","3285487380","29447349"
"2024-04-22","3285487380","29447349"
"2024-04-23","3285487380","29447349"
"2024-04-24","3285487380","29447349"
"2024-04-25","3285487380","29447349"
"2024-04-26","3285487380","29447349"
"2024-04-27","3285487380","29447349"
"2024-04-28","3285629203","29449923"
"2024-04-29","3285629203","29449923"
"2024-04-30","3285629203","29449923"
"2024-05-01","3285629203","29449923"
"2024-05-02","3285629203","29449923"
"2024-05-03","3285629203","29449923"
"2024-05-04","3285629203","29449923"
"2024-05-05","3285757122","29452422"
"2024-05-06","3285757122","29452422"
"2024-05-07","3285757122","29452422"
"2024-05-08","3285757122","29452422"
"2024-05-09","3285757122","29452422"
"2024-05-10","3285757122","29452422"
"2024-05-11","3285757122","29452422"
"2024-05-12","3285897499","29454598"
"2024-05-13","3285897499","29454598"
"2024-05-14","3285897499","29454598"
"2024-05-15","3285897499","29454598"
"2024-05-16","3285897499","29454598"
"2024-05-17","3285897499","29454598"
"2024-05-18","3285897499","29454598"
"2024-05-19","3286053601","29456557"
"2024-05-20","3286053601","29456557"
"2024-05-21","3286053601","29456557"
"2024-05-22","3286053601","29456557"
"2024-05-23","3286053601","29456557"
"2024-05-24","3286053601","29456557"
"2024-05-25","3286053601","29456557"
"2024-05-26","3286186752","29458706"
"2024-05-27","3286186752","29458706"
"2024-05-28","3286186752","29458706"
"2024-05-29","3286186752","29458706"
"2024-05-30","3286186752","29458706"
"2024-05-31","3286186752","29458706"
"2024-06-01","3286186752","29458706"
"2024-06-02","3286331666","29460741"
"2024-06-03","3286331666","29460741"
"2024-06-04","3286331666","29460741"
"2024-06-05","3286331666","29460741"
"2024-06-06","3286331666","29460741"
"2024-06-07","3286331666","29460741"
"2024-06-08","3286331666","29460741"
"2024-06-09","3286482140","29462887"
"2024-06-10","3286482140","29462887"
"2024-06-11","3286482140","29462887"
"2024-06-12","3286482140","29462887"
"2024-06-13","3286482140","29462887"
"2024-06-14","3286482140","29462887"
"2024-06-15","3286482140","29462887"
"2024-06-16","3286636618","29465195"
"2024-06-17","3286636618","29465195"
"2024-06-18","3286636618","29465195"
"2024-06-19","3286636618","29465195"
"2024-06-20","3286636618","29465195"
"2024-06-21","3286636618","29465195"
"2024-06-22","3286636618","29465195"
"2024-06-23","3286797313","29468143"
"2024-06-24","3286797313","29468143"
"2024-06-25","3286797313","29468143"
"2024-06-26","3286797313","29468143"
"2024-06-27","3286797313","29468143"
"2024-06-28","3286797313","29468143"
"2024-06-29","3286797313","29468143"
"2024-06-30","3286998014","29470937"
"2024-07-01","3286998014","29470937"
"2024-07-02","3286998014","29470937"
"2024-07-03","3286998014","29470937"
"2024-07-04","3286998014","29470937"
"2024-07-05","3286998014","29470937"
"2024-07-06","3286998014","29470937"
"2024-07-07","3287203060","29473932"
"2024-07-08","3287203060","29473932"
"2024-07-09","3287203060","29473932"
"2024-07-10","3287203060","29473932"
"2024-07-11","3287203060","29473932"
"2024-07-12","3287203060","29473932"
"2024-07-13","3287203060","29473932"
"2024-07-14","3287411050","29477030"
"2024-07-15","3287411050","29477030"
"2024-07-16","3287411050","29477030"
"2024-07-17","3287411050","29477030"
"2024-07-18","3287411050","29477030"
"2024-07-19","3287411050","29477030"
"2024-07-20","3287411050","29477030"
"2024-07-21","3287647414","29480525"
"2024-07-22","3287647414","29480525"
"2024-07-23","3287647414","29480525"
"2024-07-24","3287647414","29480525"
"2024-07-25","3287647414","29480525"
"2024-07-26","3287647414","29480525"
"2024-07-27","3287647414","29480525"
"2024-07-28","3287904920","29484340"
"2024-07-29","3287904920","29484340"
"2024-07-30","3287904920","29484340"
"2024-07-31","3287904920","29484340"
"2024-08-01","3287904920","29484340"
"2024-08-02","3287904920","29484340"
"2024-08-03","3287904920","29484340"
"2024-08-04","3288119237","29487750"
"2024-08-05","0","0"
"2024-08-06","0","0"
"2024-08-07","0","0"
"2024-08-08","0","0"
"2024-08-09","0","0"
"2024-08-10","0","0"
"2024-08-11","0","0"
"2024-08-12","0","0"
"2024-08-13","0","0"
"2024-08-14","0","0"
