"date","global_total_vaccinations"
"2020-01-01","0"
"2020-01-02","0"
"2020-01-03","0"
"2020-01-04","0"
"2020-01-05","0"
"2020-01-06","0"
"2020-01-07","0"
"2020-01-08","0"
"2020-01-09","0"
"2020-01-10","0"
"2020-01-11","0"
"2020-01-12","0"
"2020-01-13","0"
"2020-01-14","0"
"2020-01-15","0"
"2020-01-16","0"
"2020-01-17","0"
"2020-01-18","0"
"2020-01-19","0"
"2020-01-20","0"
"2020-01-21","0"
"2020-01-22","0"
"2020-01-23","0"
"2020-01-24","0"
"2020-01-25","0"
"2020-01-26","0"
"2020-01-27","0"
"2020-01-28","0"
"2020-01-29","0"
"2020-01-30","0"
"2020-01-31","0"
"2020-02-01","0"
"2020-02-02","0"
"2020-02-03","0"
"2020-02-04","0"
"2020-02-05","0"
"2020-02-06","0"
"2020-02-07","0"
"2020-02-08","0"
"2020-02-09","0"
"2020-02-10","0"
"2020-02-11","0"
"2020-02-12","0"
"2020-02-13","0"
"2020-02-14","0"
"2020-02-15","0"
"2020-02-16","0"
"2020-02-17","0"
"2020-02-18","0"
"2020-02-19","0"
"2020-02-20","0"
"2020-02-21","0"
"2020-02-22","0"
"2020-02-23","0"
"2020-02-24","0"
"2020-02-25","0"
"2020-02-26","0"
"2020-02-27","0"
"2020-02-28","0"
"2020-02-29","0"
"2020-03-01","0"
"2020-03-02","0"
"2020-03-03","0"
"2020-03-04","0"
"2020-03-05","0"
"2020-03-06","0"
"2020-03-07","0"
"2020-03-08","0"
"2020-03-09","0"
"2020-03-10","0"
"2020-03-11","0"
"2020-03-12","0"
"2020-03-13","0"
"2020-03-14","0"
"2020-03-15","0"
"2020-03-16","0"
"2020-03-17","0"
"2020-03-18","0"
"2020-03-19","0"
"2020-03-20","0"
"2020-03-21","0"
"2020-03-22","0"
"2020-03-23","0"
"2020-03-24","0"
"2020-03-25","0"
"2020-03-26","0"
"2020-03-27","0"
"2020-03-28","0"
"2020-03-29","0"
"2020-03-30","0"
"2020-03-31","0"
"2020-04-01","0"
"2020-04-02","0"
"2020-04-03","0"
"2020-04-04","0"
"2020-04-05","0"
"2020-04-06","0"
"2020-04-07","0"
"2020-04-08","0"
"2020-04-09","0"
"2020-04-10","0"
"2020-04-11","0"
"2020-04-12","0"
"2020-04-13","0"
"2020-04-14","0"
"2020-04-15","0"
"2020-04-16","0"
"2020-04-17","0"
"2020-04-18","0"
"2020-04-19","0"
"2020-04-20","0"
"2020-04-21","0"
"2020-04-22","0"
"2020-04-23","0"
"2020-04-24","0"
"2020-04-25","0"
"2020-04-26","0"
"2020-04-27","0"
"2020-04-28","0"
"2020-04-29","0"
"2020-04-30","0"
"2020-05-01","0"
"2020-05-02","0"
"2020-05-03","0"
"2020-05-04","0"
"2020-05-05","0"
"2020-05-06","0"
"2020-05-07","0"
"2020-05-08","0"
"2020-05-09","0"
"2020-05-10","0"
"2020-05-11","0"
"2020-05-12","0"
"2020-05-13","0"
"2020-05-14","0"
"2020-05-15","0"
"2020-05-16","0"
"2020-05-17","0"
"2020-05-18","0"
"2020-05-19","0"
"2020-05-20","0"
"2020-05-21","0"
"2020-05-22","0"
"2020-05-23","0"
"2020-05-24","0"
"2020-05-25","0"
"2020-05-26","0"
"2020-05-27","0"
"2020-05-28","0"
"2020-05-29","0"
"2020-05-30","0"
"2020-05-31","0"
"2020-06-01","0"
"2020-06-02","0"
"2020-06-03","0"
"2020-06-04","0"
"2020-06-05","0"
"2020-06-06","0"
"2020-06-07","0"
"2020-06-08","0"
"2020-06-09","0"
"2020-06-10","0"
"2020-06-11","0"
"2020-06-12","0"
"2020-06-13","0"
"2020-06-14","0"
"2020-06-15","0"
"2020-06-16","0"
"2020-06-17","0"
"2020-06-18","0"
"2020-06-19","0"
"2020-06-20","0"
"2020-06-21","0"
"2020-06-22","0"
"2020-06-23","0"
"2020-06-24","0"
"2020-06-25","0"
"2020-06-26","0"
"2020-06-27","0"
"2020-06-28","0"
"2020-06-29","0"
"2020-06-30","0"
"2020-07-01","0"
"2020-07-02","0"
"2020-07-03","0"
"2020-07-04","0"
"2020-07-05","0"
"2020-07-06","0"
"2020-07-07","0"
"2020-07-08","0"
"2020-07-09","0"
"2020-07-10","0"
"2020-07-11","0"
"2020-07-12","0"
"2020-07-13","0"
"2020-07-14","0"
"2020-07-15","0"
"2020-07-16","0"
"2020-07-17","0"
"2020-07-18","0"
"2020-07-19","0"
"2020-07-20","0"
"2020-07-21","0"
"2020-07-22","0"
"2020-07-23","0"
"2020-07-24","0"
"2020-07-25","0"
"2020-07-26","0"
"2020-07-27","0"
"2020-07-28","0"
"2020-07-29","0"
"2020-07-30","0"
"2020-07-31","0"
"2020-08-01","0"
"2020-08-02","0"
"2020-08-03","0"
"2020-08-04","0"
"2020-08-05","0"
"2020-08-06","0"
"2020-08-07","0"
"2020-08-08","0"
"2020-08-09","0"
"2020-08-10","0"
"2020-08-11","0"
"2020-08-12","0"
"2020-08-13","0"
"2020-08-14","0"
"2020-08-15","0"
"2020-08-16","0"
"2020-08-17","0"
"2020-08-18","0"
"2020-08-19","0"
"2020-08-20","0"
"2020-08-21","0"
"2020-08-22","0"
"2020-08-23","0"
"2020-08-24","0"
"2020-08-25","0"
"2020-08-26","0"
"2020-08-27","0"
"2020-08-28","0"
"2020-08-29","0"
"2020-08-30","0"
"2020-08-31","0"
"2020-09-01","0"
"2020-09-02","0"
"2020-09-03","0"
"2020-09-04","0"
"2020-09-05","0"
"2020-09-06","0"
"2020-09-07","0"
"2020-09-08","0"
"2020-09-09","0"
"2020-09-10","0"
"2020-09-11","0"
"2020-09-12","0"
"2020-09-13","0"
"2020-09-14","0"
"2020-09-15","0"
"2020-09-16","0"
"2020-09-17","0"
"2020-09-18","0"
"2020-09-19","0"
"2020-09-20","0"
"2020-09-21","0"
"2020-09-22","0"
"2020-09-23","0"
"2020-09-24","0"
"2020-09-25","0"
"2020-09-26","0"
"2020-09-27","0"
"2020-09-28","0"
"2020-09-29","0"
"2020-09-30","0"
"2020-10-01","0"
"2020-10-02","0"
"2020-10-03","0"
"2020-10-04","0"
"2020-10-05","0"
"2020-10-06","0"
"2020-10-07","0"
"2020-10-08","0"
"2020-10-09","0"
"2020-10-10","0"
"2020-10-11","0"
"2020-10-12","0"
"2020-10-13","0"
"2020-10-14","0"
"2020-10-15","0"
"2020-10-16","0"
"2020-10-17","0"
"2020-10-18","0"
"2020-10-19","0"
"2020-10-20","0"
"2020-10-21","0"
"2020-10-22","0"
"2020-10-23","0"
"2020-10-24","0"
"2020-10-25","0"
"2020-10-26","0"
"2020-10-27","0"
"2020-10-28","0"
"2020-10-29","0"
"2020-10-30","0"
"2020-10-31","0"
"2020-11-01","0"
"2020-11-02","0"
"2020-11-03","0"
"2020-11-04","0"
"2020-11-05","0"
"2020-11-06","0"
"2020-11-07","0"
"2020-11-08","0"
"2020-11-09","0"
"2020-11-10","0"
"2020-11-11","0"
"2020-11-12","0"
"2020-11-13","0"
"2020-11-14","0"
"2020-11-15","0"
"2020-11-16","0"
"2020-11-17","0"
"2020-11-18","0"
"2020-11-19","0"
"2020-11-20","0"
"2020-11-21","0"
"2020-11-22","0"
"2020-11-23","0"
"2020-11-24","0"
"2020-11-25","0"
"2020-11-26","0"
"2020-11-27","0"
"2020-11-28","0"
"2020-11-29","0"
"2020-11-30","0"
"2020-12-01","0"
"2020-12-02","0"
"2020-12-03","0"
"2020-12-04","3"
"2020-12-05","2"
"2020-12-06","2"
"2020-12-07","6"
"2020-12-08","19"
"2020-12-09","27"
"2020-12-10","27"
"2020-12-11","39"
"2020-12-12","42"
"2020-12-13","136890"
"2020-12-14","151449"
"2020-12-15","4882791"
"2020-12-16","3841665"
"2020-12-17","4680174"
"2020-12-18","5955426"
"2020-12-19","6511524"
"2020-12-20","6857941"
"2020-12-21","8117617"
"2020-12-22","9721882"
"2020-12-23","11737866"
"2020-12-24","12626841"
"2020-12-25","12802745"
"2020-12-26","13345179"
"2020-12-27","14110897"
"2020-12-28","16453146"
"2020-12-29","19455171"
"2020-12-30","22964802"
"2020-12-31","35532093"
"2021-01-01","31780831"
"2021-01-02","35450789"
"2021-01-03","35860505"
"2021-01-04","39291128"
"2021-01-05","45678761"
"2021-01-06","49337718"
"2021-01-07","55475590"
"2021-01-08","61648219"
"2021-01-09","82015270"
"2021-01-10","85229968"
"2021-01-11","91203720"
"2021-01-12","97896809"
"2021-01-13","119124003"
"2021-01-14","117164980"
"2021-01-15","126686357"
"2021-01-16","131365313"
"2021-01-17","134894255"
"2021-01-18","142965857"
"2021-01-19","152269465"
"2021-01-20","187489767"
"2021-01-21","183433086"
"2021-01-22","197047216"
"2021-01-23","202775177"
"2021-01-24","208478088"
"2021-01-25","218431966"
"2021-01-26","267472306"
"2021-01-27","257118437"
"2021-01-28","271162543"
"2021-01-29","285661655"
"2021-01-30","293929796"
"2021-01-31","327115195"
"2021-02-01","313390699"
"2021-02-02","325331297"
"2021-02-03","385872860"
"2021-02-04","371203697"
"2021-02-05","387724067"
"2021-02-06","395475380"
"2021-02-07","402848381"
"2021-02-08","412556439"
"2021-02-09","487157190"
"2021-02-10","463317094"
"2021-02-11","480985176"
"2021-02-12","500052332"
"2021-02-13","511528467"
"2021-02-14","511132901"
"2021-02-15","534210443"
"2021-02-16","548585203"
"2021-02-17","567002290"
"2021-02-18","586462293"
"2021-02-19","600171555"
"2021-02-20","613442889"
"2021-02-21","617387620"
"2021-02-22","634257873"
"2021-02-23","650765586"
"2021-02-24","674173402"
"2021-02-25","692561428"
"2021-02-26","715718739"
"2021-02-27","727602069"
"2021-02-28","815247396"
"2021-03-01","778068232"
"2021-03-02","814750758"
"2021-03-03","838942130"
"2021-03-04","868667262"
"2021-03-05","892464418"
"2021-03-06","908015348"
"2021-03-07","924376928"
"2021-03-08","948366206"
"2021-03-09","976824812"
"2021-03-10","1003932199"
"2021-03-11","1039018134"
"2021-03-12","1058886205"
"2021-03-13","1076033543"
"2021-03-14","1176655458"
"2021-03-15","1148636548"
"2021-03-16","1182252359"
"2021-03-17","1217866685"
"2021-03-18","1247969146"
"2021-03-19","1289963403"
"2021-03-20","1407865292"
"2021-03-21","1336250398"
"2021-03-22","1467015793"
"2021-03-23","1501028769"
"2021-03-24","1552776173"
"2021-03-25","1596337737"
"2021-03-26","1665790754"
"2021-03-27","1686257560"
"2021-03-28","1698935879"
"2021-03-29","1779637402"
"2021-03-30","1834361069"
"2021-03-31","1899917131"
"2021-04-01","1957212953"
"2021-04-02","2018502061"
"2021-04-03","2049983600"
"2021-04-04","2075618258"
"2021-04-05","2136174776"
"2021-04-06","2176196762"
"2021-04-07","2249674265"
"2021-04-08","2318797296"
"2021-04-09","2385636970"
"2021-04-10","2422217372"
"2021-04-11","2453667799"
"2021-04-12","2512050218"
"2021-04-13","2567577079"
"2021-04-14","2619720031"
"2021-04-15","2681787946"
"2021-04-16","2737711545"
"2021-04-17","2756115347"
"2021-04-18","2789273556"
"2021-04-19","2853382381"
"2021-04-20","2766874325"
"2021-04-21","2956529490"
"2021-04-22","3032234883"
"2021-04-23","2961097377"
"2021-04-24","2939398427"
"2021-04-25","3164252725"
"2021-04-26","3213255983"
"2021-04-27","3271363241"
"2021-04-28","3370271538"
"2021-04-29","3427285643"
"2021-04-30","3485069191"
"2021-05-01","3533058018"
"2021-05-02","3569649735"
"2021-05-03","3624555158"
"2021-05-04","3681991348"
"2021-05-05","3753769530"
"2021-05-06","3813263102"
"2021-05-07","3902504925"
"2021-05-08","3938629118"
"2021-05-09","3971193541"
"2021-05-10","4041791232"
"2021-05-11","4142694287"
"2021-05-12","4209790646"
"2021-05-13","4287229487"
"2021-05-14","4342393459"
"2021-05-15","4399357049"
"2021-05-16","4517065518"
"2021-05-17","4599259775"
"2021-05-18","4673374147"
"2021-05-19","4755363251"
"2021-05-20","4882089924"
"2021-05-21","4779900745"
"2021-05-22","5018170534"
"2021-05-23","5112480794"
"2021-05-24","5213231391"
"2021-05-25","5315979115"
"2021-05-26","5399021091"
"2021-05-27","5466207774"
"2021-05-28","5577203109"
"2021-05-29","5666733686"
"2021-05-30","5786230379"
"2021-05-31","5903902794"
"2021-06-01","6031952971"
"2021-06-02","6141679997"
"2021-06-03","6247651786"
"2021-06-04","6311570073"
"2021-06-05","6443885411"
"2021-06-06","6494897613"
"2021-06-07","6623394059"
"2021-06-08","6721576152"
"2021-06-09","6839579043"
"2021-06-10","6946691340"
"2021-06-11","7050957185"
"2021-06-12","7137224631"
"2021-06-13","7231133409"
"2021-06-14","7332548887"
"2021-06-15","7413652159"
"2021-06-16","7564954282"
"2021-06-17","7708549293"
"2021-06-18","7815403890"
"2021-06-19","7905419145"
"2021-06-20","8044372055"
"2021-06-21","8111951733"
"2021-06-22","8252677817"
"2021-06-23","8428769424"
"2021-06-24","8562402449"
"2021-06-25","8668138917"
"2021-06-26","8776373995"
"2021-06-27","8926348383"
"2021-06-28","9057675972"
"2021-06-29","9159036720"
"2021-06-30","9291488831"
"2021-07-01","9402394962"
"2021-07-02","9495807741"
"2021-07-03","9536714853"
"2021-07-04","9731944558"
"2021-07-05","9805405749"
"2021-07-06","9867807310"
"2021-07-07","10006225926"
"2021-07-08","10088174477"
"2021-07-09","9773998648"
"2021-07-10","10196374745"
"2021-07-11","10365487809"
"2021-07-12","10440775684"
"2021-07-13","10541420872"
"2021-07-14","10642683392"
"2021-07-15","10748268815"
"2021-07-16","10759498018"
"2021-07-17","10847642442"
"2021-07-18","10539934408"
"2021-07-19","11037068997"
"2021-07-20","11134634732"
"2021-07-21","11231070944"
"2021-07-22","11367664033"
"2021-07-23","11454849820"
"2021-07-24","11434453226"
"2021-07-25","11709177548"
"2021-07-26","11857385263"
"2021-07-27","11904587358"
"2021-07-28","12059182444"
"2021-07-29","12209074827"
"2021-07-30","12280490660"
"2021-07-31","11891215795"
"2021-08-01","12567769215"
"2021-08-02","12194070941"
"2021-08-03","12855807079"
"2021-08-04","12897624628"
"2021-08-05","13100339708"
"2021-08-06","13077156699"
"2021-08-07","13122567782"
"2021-08-08","13349196808"
"2021-08-09","13500601057"
"2021-08-10","13608030058"
"2021-08-11","13725306411"
"2021-08-12","13290548791"
"2021-08-13","13887292512"
"2021-08-14","13852139299"
"2021-08-15","13611091330"
"2021-08-16","14238573889"
"2021-08-17","14351189902"
"2021-08-18","14499951319"
"2021-08-19","14506517766"
"2021-08-20","14662356909"
"2021-08-21","14695214906"
"2021-08-22","14850105064"
"2021-08-23","14917156727"
"2021-08-24","15111721631"
"2021-08-25","15157808886"
"2021-08-26","15263601845"
"2021-08-27","15391011937"
"2021-08-28","15430093934"
"2021-08-29","15773569328"
"2021-08-30","15737274889"
"2021-08-31","15939994249"
"2021-09-01","16022841517"
"2021-09-02","16058354536"
"2021-09-03","16021636066"
"2021-09-04","16159495413"
"2021-09-05","16426989804"
"2021-09-06","16456263383"
"2021-09-07","16492288694"
"2021-09-08","16573986637"
"2021-09-09","16817680259"
"2021-09-10","16856172514"
"2021-09-11","16779273608"
"2021-09-12","17155846881"
"2021-09-13","17115765078"
"2021-09-14","17301048657"
"2021-09-15","17309952784"
"2021-09-16","17398479056"
"2021-09-17","17374954309"
"2021-09-18","17300989758"
"2021-09-19","17762940517"
"2021-09-20","17694015064"
"2021-09-21","17782882261"
"2021-09-22","17967914890"
"2021-09-23","17856074358"
"2021-09-24","17898942594"
"2021-09-25","18003531785"
"2021-09-26","18113728215"
"2021-09-27","18434982917"
"2021-09-28","18418393311"
"2021-09-29","18311363276"
"2021-09-30","18511584176"
"2021-10-01","18382754630"
"2021-10-02","18443445459"
"2021-10-03","18641871657"
"2021-10-04","18847911756"
"2021-10-05","18838934206"
"2021-10-06","18955933731"
"2021-10-07","19055681965"
"2021-10-08","19012297979"
"2021-10-09","18981918354"
"2021-10-10","19292644440"
"2021-10-11","19277876566"
"2021-10-12","19451576802"
"2021-10-13","19392793578"
"2021-10-14","19510478655"
"2021-10-15","19313915834"
"2021-10-16","19195470205"
"2021-10-17","19735942533"
"2021-10-18","19726125507"
"2021-10-19","19790923311"
"2021-10-20","19927940913"
"2021-10-21","20089264000"
"2021-10-22","19916543052"
"2021-10-23","20269081147"
"2021-10-24","20125127374"
"2021-10-25","20280663240"
"2021-10-26","20365157170"
"2021-10-27","20121062280"
"2021-10-28","20487887546"
"2021-10-29","20553121720"
"2021-10-30","20552704041"
"2021-10-31","20831341068"
"2021-11-01","20873787547"
"2021-11-02","21088771214"
"2021-11-03","21092400424"
"2021-11-04","21285950091"
"2021-11-05","20930081105"
"2021-11-06","20981535546"
"2021-11-07","21441712410"
"2021-11-08","21516209256"
"2021-11-09","21652925399"
"2021-11-10","21757087185"
"2021-11-11","21933533945"
"2021-11-12","21711093486"
"2021-11-13","21746520717"
"2021-11-14","22280503705"
"2021-11-15","22280776602"
"2021-11-16","22293366583"
"2021-11-17","22485776442"
"2021-11-18","22467540257"
"2021-11-19","22235301607"
"2021-11-20","22404569384"
"2021-11-21","22684936968"
"2021-11-22","22764488299"
"2021-11-23","22708409109"
"2021-11-24","23036053804"
"2021-11-25","22868961925"
"2021-11-26","22926335010"
"2021-11-27","23169672583"
"2021-11-28","23739229942"
"2021-11-29","23672794849"
"2021-11-30","23406524189"
"2021-12-01","23800490331"
"2021-12-02","23859725131"
"2021-12-03","23549992624"
"2021-12-04","23557052240"
"2021-12-05","24314412155"
"2021-12-06","24274116510"
"2021-12-07","23981304727"
"2021-12-08","24568220236"
"2021-12-09","24483299836"
"2021-12-10","24373529613"
"2021-12-11","24475924115"
"2021-12-12","24964294402"
"2021-12-13","24797971907"
"2021-12-14","25041828557"
"2021-12-15","25181164595"
"2021-12-16","25004781401"
"2021-12-17","24984019534"
"2021-12-18","24988159271"
"2021-12-19","25657386333"
"2021-12-20","25485584339"
"2021-12-21","25261372156"
"2021-12-22","25506643387"
"2021-12-23","25538790404"
"2021-12-24","25724929490"
"2021-12-25","25184725455"
"2021-12-26","25541330716"
"2021-12-27","26033767171"
"2021-12-28","26421793954"
"2021-12-29","25979371767"
"2021-12-30","26536494385"
"2021-12-31","26182884843"
"2022-01-01","25960788307"
"2022-01-02","26279925221"
"2022-01-03","26779734547"
"2022-01-04","26598372839"
"2022-01-05","26725698400"
"2022-01-06","26790212091"
"2022-01-07","26364029003"
"2022-01-08","26586323197"
"2022-01-09","27308503848"
"2022-01-10","27550057528"
"2022-01-11","27581316126"
"2022-01-12","27603713072"
"2022-01-13","27829765284"
"2022-01-14","27824595611"
"2022-01-15","27599407215"
"2022-01-16","28032116004"
"2022-01-17","28078586155"
"2022-01-18","28378334085"
"2022-01-19","28197189830"
"2022-01-20","28175706498"
"2022-01-21","28033916199"
"2022-01-22","28003986088"
"2022-01-23","28623918010"
"2022-01-24","28954902580"
"2022-01-25","28589529622"
"2022-01-26","28921372877"
"2022-01-27","28462774094"
"2022-01-28","28675138660"
"2022-01-29","28510405738"
"2022-01-30","29010856779"
"2022-01-31","28937151694"
"2022-02-01","29252668515"
"2022-02-02","29341817401"
"2022-02-03","29144542776"
"2022-02-04","29402990026"
"2022-02-05","28672207856"
"2022-02-06","29863507125"
"2022-02-07","29938601911"
"2022-02-08","29963961653"
"2022-02-09","30181844400"
"2022-02-10","30106787088"
"2022-02-11","29771659802"
"2022-02-12","29985138253"
"2022-02-13","30578776782"
"2022-02-14","30397240371"
"2022-02-15","30113833555"
"2022-02-16","30339433571"
"2022-02-17","30154615037"
"2022-02-18","30193088334"
"2022-02-19","30478328510"
"2022-02-20","30610721837"
"2022-02-21","30952729270"
"2022-02-22","30699894601"
"2022-02-23","30688456594"
"2022-02-24","30517988209"
"2022-02-25","30594971816"
"2022-02-26","30470324513"
"2022-02-27","30890510910"
"2022-02-28","31333696286"
"2022-03-01","31206459492"
"2022-03-02","30786147226"
"2022-03-03","30814513068"
"2022-03-04","30924201731"
"2022-03-05","31137118641"
"2022-03-06","31150163692"
"2022-03-07","31453355228"
"2022-03-08","31549970954"
"2022-03-09","31794878839"
"2022-03-10","31681146163"
"2022-03-11","31039509719"
"2022-03-12","31521159940"
"2022-03-13","30843372651"
"2022-03-14","31520396274"
"2022-03-15","31315542744"
"2022-03-16","31664116180"
"2022-03-17","31445620056"
"2022-03-18","31525872366"
"2022-03-19","31672803142"
"2022-03-20","31982610231"
"2022-03-21","31819746880"
"2022-03-22","32094010267"
"2022-03-23","31842415994"
"2022-03-24","31686822922"
"2022-03-25","31693495496"
"2022-03-26","31702424672"
"2022-03-27","32061265523"
"2022-03-28","32215066491"
"2022-03-29","32494346348"
"2022-03-30","32124485746"
"2022-03-31","32177698362"
"2022-04-01","30516615396"
"2022-04-02","28766764128"
"2022-04-03","29796909461"
"2022-04-04","32217630873"
"2022-04-05","32693582162"
"2022-04-06","32591866333"
"2022-04-07","32400312936"
"2022-04-08","32447896186"
"2022-04-09","32261116740"
"2022-04-10","32377685912"
"2022-04-11","32933745610"
"2022-04-12","32599672145"
"2022-04-13","32799281454"
"2022-04-14","32507748706"
"2022-04-15","31347973685"
"2022-04-16","29149188082"
"2022-04-17","31197642058"
"2022-04-18","33355451178"
"2022-04-19","33086131631"
"2022-04-20","32832217702"
"2022-04-21","32913525048"
"2022-04-22","31958357422"
"2022-04-23","30918965559"
"2022-04-24","32704749419"
"2022-04-25","33284369492"
"2022-04-26","33433619484"
"2022-04-27","32783624464"
"2022-04-28","33135587496"
"2022-04-29","33117535417"
"2022-04-30","32715913641"
"2022-05-01","32768841148"
"2022-05-02","33013063403"
"2022-05-03","32979575845"
"2022-05-04","32706284329"
"2022-05-05","32247947108"
"2022-05-06","33601918881"
"2022-05-07","32991712380"
"2022-05-08","33144374784"
"2022-05-09","32913840368"
"2022-05-10","33048598827"
"2022-05-11","32992333428"
"2022-05-12","32970529859"
"2022-05-13","33202489466"
"2022-05-14","32972483837"
"2022-05-15","33545238163"
"2022-05-16","33471706225"
"2022-05-17","32608510810"
"2022-05-18","33764327009"
"2022-05-19","33173619748"
"2022-05-20","33728511958"
"2022-05-21","33382485543"
"2022-05-22","33197454975"
"2022-05-23","32973939645"
"2022-05-24","33435488507"
"2022-05-25","33252183591"
"2022-05-26","33478054561"
"2022-05-27","33563109548"
"2022-05-28","33580873903"
"2022-05-29","33697587577"
"2022-05-30","33377760799"
"2022-05-31","33555295179"
"2022-06-01","33586826357"
"2022-06-02","32578594973"
"2022-06-03","33696347867"
"2022-06-04","33228902404"
"2022-06-05","33517335074"
"2022-06-06","33174560993"
"2022-06-07","33592716068"
"2022-06-08","33628295030"
"2022-06-09","32732843113"
"2022-06-10","33180418880"
"2022-06-11","33071891175"
"2022-06-12","33664834468"
"2022-06-13","33439346560"
"2022-06-14","33159892022"
"2022-06-15","33587793274"
"2022-06-16","33424284962"
"2022-06-17","33826056937"
"2022-06-18","33760901939"
"2022-06-19","33893002058"
"2022-06-20","33236983050"
"2022-06-21","34041450545"
"2022-06-22","33706648107"
"2022-06-23","33592684286"
"2022-06-24","34046557267"
"2022-06-25","33388880540"
"2022-06-26","33588676045"
"2022-06-27","34109453200"
"2022-06-28","33153194661"
"2022-06-29","33900140499"
"2022-06-30","33583155434"
"2022-07-01","33314317117"
"2022-07-02","33777300607"
"2022-07-03","33777426626"
"2022-07-04","33871406332"
"2022-07-05","33751621010"
"2022-07-06","33272041273"
"2022-07-07","33497177293"
"2022-07-08","33222893718"
"2022-07-09","31389434649"
"2022-07-10","33705539696"
"2022-07-11","33483058624"
"2022-07-12","33187531508"
"2022-07-13","33950505214"
"2022-07-14","33671714015"
"2022-07-15","33508503116"
"2022-07-16","31886362815"
"2022-07-17","31795354425"
"2022-07-18","33421777729"
"2022-07-19","34338070368"
"2022-07-20","33343191799"
"2022-07-21","34007757356"
"2022-07-22","33644675974"
"2022-07-23","33320898722"
"2022-07-24","34131208892"
"2022-07-25","33640231168"
"2022-07-26","34312930778"
"2022-07-27","33919149477"
"2022-07-28","33637126225"
"2022-07-29","33718730154"
"2022-07-30","33742003369"
"2022-07-31","33291272459"
"2022-08-01","33788576745"
"2022-08-02","34164562184"
"2022-08-03","31936532309"
"2022-08-04","34005844687"
"2022-08-05","34097331388"
"2022-08-06","33808093184"
"2022-08-07","33652256824"
"2022-08-08","34115463155"
"2022-08-09","34586980460"
"2022-08-10","34449094596"
"2022-08-11","33844639570"
"2022-08-12","34238724830"
"2022-08-13","33352272137"
"2022-08-14","34542462317"
"2022-08-15","34206190276"
"2022-08-16","33809470534"
"2022-08-17","34658669079"
"2022-08-18","34472608620"
"2022-08-19","34934043720"
"2022-08-20","34240040480"
"2022-08-21","34715733241"
"2022-08-22","34706806586"
"2022-08-23","34416713021"
"2022-08-24","34721200215"
"2022-08-25","34585881633"
"2022-08-26","34776249500"
"2022-08-27","34276273240"
"2022-08-28","35176104402"
"2022-08-29","34723703683"
"2022-08-30","35093684135"
"2022-08-31","34786505139"
"2022-09-01","34865132138"
"2022-09-02","35004549138"
"2022-09-03","34445670336"
"2022-09-04","35179868677"
"2022-09-05","34095811438"
"2022-09-06","34108828010"
"2022-09-07","34518903067"
"2022-09-08","34863790625"
"2022-09-09","34901338747"
"2022-09-10","34390124700"
"2022-09-11","34809687923"
"2022-09-12","34675799780"
"2022-09-13","35143196692"
"2022-09-14","35095493196"
"2022-09-15","34842874395"
"2022-09-16","35015606367"
"2022-09-17","34753742740"
"2022-09-18","35529619446"
"2022-09-19","34825009668"
"2022-09-20","35093371713"
"2022-09-21","34902705334"
"2022-09-22","34749781853"
"2022-09-23","34775863583"
"2022-09-24","34835646624"
"2022-09-25","35087250151"
"2022-09-26","35556640504"
"2022-09-27","34412911322"
"2022-09-28","35114000000"
"2022-09-29","34856098323"
"2022-09-30","34588265213"
"2022-10-01","34049306662"
"2022-10-02","34641737843"
"2022-10-03","34026751622"
"2022-10-04","34476794000"
"2022-10-05","34796142991"
"2022-10-06","34620324639"
"2022-10-07","35050907960"
"2022-10-08","34635116833"
"2022-10-09","34748264897"
"2022-10-10","34948680470"
"2022-10-11","34865307919"
"2022-10-12","34276780555"
"2022-10-13","33253626095"
"2022-10-14","35039360345"
"2022-10-15","34704998420"
"2022-10-16","35125964428"
"2022-10-17","35443725315"
"2022-10-18","34900448060"
"2022-10-19","34987594583"
"2022-10-20","35248705056"
"2022-10-21","35032191231"
"2022-10-22","34764548652"
"2022-10-23","34926971692"
"2022-10-24","35585628429"
"2022-10-25","34616283476"
"2022-10-26","34875062395"
"2022-10-27","35190467531"
"2022-10-28","34868727463"
"2022-10-29","34310355897"
"2022-10-30","35007701732"
"2022-10-31","33228070734"
"2022-11-01","35381964177"
"2022-11-02","34666950383"
"2022-11-03","34876966039"
"2022-11-04","35060875025"
"2022-11-05","34317671674"
"2022-11-06","34744632618"
"2022-11-07","34417426537"
"2022-11-08","35022617559"
"2022-11-09","35311023316"
"2022-11-10","34663666786"
"2022-11-11","35082224771"
"2022-11-12","34364044460"
"2022-11-13","34564774245"
"2022-11-14","35025550619"
"2022-11-15","34604075019"
"2022-11-16","35133187971"
"2022-11-17","34957085853"
"2022-11-18","35016700852"
"2022-11-19","34797170230"
"2022-11-20","35690755972"
"2022-11-21","34920543368"
"2022-11-22","35586603083"
"2022-11-23","35331233717"
"2022-11-24","34921334212"
"2022-11-25","34946764617"
"2022-11-26","34982861977"
"2022-11-27","35440667037"
"2022-11-28","34615885922"
"2022-11-29","35152982929"
"2022-11-30","35038475961"
"2022-12-01","35370304298"
"2022-12-02","34850098802"
"2022-12-03","35193577924"
"2022-12-04","36078508215"
"2022-12-05","34929790999"
"2022-12-06","35316807363"
"2022-12-07","35146883908"
"2022-12-08","34737403283"
"2022-12-09","35001103806"
"2022-12-10","35043362976"
"2022-12-11","35336325464"
"2022-12-12","35333590126"
"2022-12-13","34728318325"
"2022-12-14","34897960277"
"2022-12-15","35263047967"
"2022-12-16","35314297403"
"2022-12-17","34673297144"
"2022-12-18","35434430690"
"2022-12-19","34731417406"
"2022-12-20","35572211889"
"2022-12-21","34922979045"
"2022-12-22","35653537770"
"2022-12-23","34946400203"
"2022-12-24","34831324671"
"2022-12-25","34904901206"
"2022-12-26","34955917771"
"2022-12-27","35139302784"
"2022-12-28","34551035803"
"2022-12-29","35113121327"
"2022-12-30","34987135905"
"2022-12-31","35018743118"
"2023-01-01","35170721868"
"2023-01-02","34705658740"
"2023-01-03","35599711053"
"2023-01-04","35461688207"
"2023-01-05","34917364600"
"2023-01-06","35383802721"
"2023-01-07","34936640677"
"2023-01-08","35588338798"
"2023-01-09","35318913738"
"2023-01-10","34944549524"
"2023-01-11","35630886481"
"2023-01-12","35569670366"
"2023-01-13","35213461481"
"2023-01-14","31684491524"
"2023-01-15","32166290567"
"2023-01-16","32134822938"
"2023-01-17","32050813664"
"2023-01-18","31608876999"
"2023-01-19","35420718517"
"2023-01-20","31353374293"
"2023-01-21","31519638142"
"2023-01-22","32196617038"
"2023-01-23","31077517502"
"2023-01-24","31620371506"
"2023-01-25","31709244696"
"2023-01-26","35149337460"
"2023-01-27","32063248197"
"2023-01-28","31575919859"
"2023-01-29","32371746084"
"2023-01-30","31146554049"
"2023-01-31","32502121234"
"2023-02-01","31326259016"
"2023-02-02","35599034039"
"2023-02-03","31876616701"
"2023-02-04","31519544257"
"2023-02-05","31928072279"
"2023-02-06","31432398283"
"2023-02-07","31753088406"
"2023-02-08","32163362845"
"2023-02-09","34870879557"
"2023-02-10","31363578511"
"2023-02-11","31606489955"
"2023-02-12","31246870918"
"2023-02-13","32298961186"
"2023-02-14","32228322723"
"2023-02-15","31772411208"
"2023-02-16","32068109851"
"2023-02-17","31922317624"
"2023-02-18","31493046501"
"2023-02-19","32256379892"
"2023-02-20","31724168786"
"2023-02-21","31833874655"
"2023-02-22","31668673767"
"2023-02-23","32188168798"
"2023-02-24","32067260348"
"2023-02-25","31524497966"
"2023-02-26","31961746329"
"2023-02-27","31181715403"
"2023-02-28","32162177845"
"2023-03-01","31624100101"
"2023-03-02","32053331064"
"2023-03-03","31910293149"
"2023-03-04","31854606774"
"2023-03-05","32045234499"
"2023-03-06","31270822837"
"2023-03-07","31776836703"
"2023-03-08","31767781811"
"2023-03-09","31400383521"
"2023-03-10","32347438118"
"2023-03-11","32011521472"
"2023-03-12","31978436829"
"2023-03-13","31764418487"
"2023-03-14","31863715933"
"2023-03-15","31282351961"
"2023-03-16","31709760620"
"2023-03-17","31417277429"
"2023-03-18","29323220774"
"2023-03-19","32855533227"
"2023-03-20","31390513243"
"2023-03-21","31930559338"
"2023-03-22","31845343471"
"2023-03-23","31489721866"
"2023-03-24","31565112414"
"2023-03-25","31254305667"
"2023-03-26","31948288583"
"2023-03-27","31322819856"
"2023-03-28","31516000579"
"2023-03-29","31409902798"
"2023-03-30","31936086944"
"2023-03-31","31523553641"
"2023-04-01","31265965145"
"2023-04-02","32340029673"
"2023-04-03","31888535006"
"2023-04-04","31300506006"
"2023-04-05","31181301148"
"2023-04-06","31490924835"
"2023-04-07","31315349006"
"2023-04-08","30908704706"
"2023-04-09","28941619292"
"2023-04-10","31200491477"
"2023-04-11","31183078041"
"2023-04-12","31060864107"
"2023-04-13","31416728153"
"2023-04-14","31040372996"
"2023-04-15","30976487188"
"2023-04-16","31372266829"
"2023-04-17","31551519035"
"2023-04-18","31497713133"
"2023-04-19","31254289029"
"2023-04-20","31314146902"
"2023-04-21","31191843585"
"2023-04-22","30977374551"
"2023-04-23","31341287156"
"2023-04-24","31964926476"
"2023-04-25","31708065154"
"2023-04-26","31490742874"
"2023-04-27","31113649282"
"2023-04-28","31173038390"
"2023-04-29","31458312816"
"2023-04-30","31295947595"
"2023-05-01","31532328289"
"2023-05-02","31623438970"
"2023-05-03","31701843268"
"2023-05-04","31308769397"
"2023-05-05","31247987968"
"2023-05-06","31519787273"
"2023-05-07","31794832780"
"2023-05-08","31092771078"
"2023-05-09","30803629581"
"2023-05-10","30353546135"
"2023-05-11","30300422534"
"2023-05-12","30215803937"
"2023-05-13","30374641209"
"2023-05-14","30860975934"
"2023-05-15","30747424245"
"2023-05-16","30482735175"
"2023-05-17","30372530089"
"2023-05-18","29976796750"
"2023-05-19","30538264762"
"2023-05-20","30320819988"
"2023-05-21","30853280710"
"2023-05-22","30603115682"
"2023-05-23","30814392871"
"2023-05-24","30468523577"
"2023-05-25","30672364038"
"2023-05-26","30373981028"
"2023-05-27","30381189145"
"2023-05-28","30475716793"
"2023-05-29","30921120965"
"2023-05-30","30514751433"
"2023-05-31","30601995066"
"2023-06-01","30704372323"
"2023-06-02","30221921468"
"2023-06-03","30425688303"
"2023-06-04","30822273990"
"2023-06-05","30619209222"
"2023-06-06","31006404594"
"2023-06-07","28307581218"
"2023-06-08","30699458212"
"2023-06-09","30197742209"
"2023-06-10","30340980373"
"2023-06-11","30706656113"
"2023-06-12","30544661057"
"2023-06-13","30471410011"
"2023-06-14","30476313291"
"2023-06-15","30472398332"
"2023-06-16","30210146605"
"2023-06-17","30452459381"
"2023-06-18","30903082957"
"2023-06-19","30675618679"
"2023-06-20","31074944642"
"2023-06-21","30447685472"
"2023-06-22","30484219856"
"2023-06-23","30225466613"
"2023-06-24","30393713624"
"2023-06-25","30485206034"
"2023-06-26","30659264356"
"2023-06-27","30081764087"
"2023-06-28","30122389600"
"2023-06-29","30132986185"
"2023-06-30","30457685566"
"2023-07-01","30370583592"
"2023-07-02","30380807076"
"2023-07-03","30660449059"
"2023-07-04","31086931904"
"2023-07-05","30040653473"
"2023-07-06","30469623805"
"2023-07-07","30155120052"
"2023-07-08","30450304265"
"2023-07-09","30304963882"
"2023-07-10","30097228810"
"2023-07-11","30653664887"
"2023-07-12","30288000100"
"2023-07-13","29918306024"
"2023-07-14","30002851987"
"2023-07-15","30240484104"
"2023-07-16","29766132687"
"2023-07-17","30280909865"
"2023-07-18","30281391443"
"2023-07-19","30293675601"
"2023-07-20","30280563325"
"2023-07-21","29972729565"
"2023-07-22","30230743115"
"2023-07-23","30798154699"
"2023-07-24","30333306799"
"2023-07-25","30352973047"
"2023-07-26","30261485871"
"2023-07-27","30309853005"
"2023-07-28","30031612017"
"2023-07-29","29886609555"
"2023-07-30","30066247085"
"2023-07-31","30332269287"
"2023-08-01","30386773875"
"2023-08-02","30365113337"
"2023-08-03","30427029678"
"2023-08-04","30078697442"
"2023-08-05","30341423062"
"2023-08-06","30377541787"
"2023-08-07","30313704562"
"2023-08-08","30074731463"
"2023-08-09","28140729985"
"2023-08-10","30366658080"
"2023-08-11","30051928271"
"2023-08-12","30348291492"
"2023-08-13","30243834089"
"2023-08-14","30377871610"
"2023-08-15","30400827684"
"2023-08-16","30384667731"
"2023-08-17","30350723091"
"2023-08-18","30072007365"
"2023-08-19","30330508595"
"2023-08-20","30643671378"
"2023-08-21","30455057723"
"2023-08-22","30383307926"
"2023-08-23","30381319178"
"2023-08-24","30381232271"
"2023-08-25","30102638199"
"2023-08-26","30318192203"
"2023-08-27","30559799610"
"2023-08-28","30413310863"
"2023-08-29","30383166515"
"2023-08-30","30383375382"
"2023-08-31","30020278727"
"2023-09-01","30112295228"
"2023-09-02","30333740811"
"2023-09-03","30230412421"
"2023-09-04","30383820373"
"2023-09-05","30414190734"
"2023-09-06","30002425861"
"2023-09-07","30479332639"
"2023-09-08","30062388966"
"2023-09-09","29924535955"
"2023-09-10","30572675387"
"2023-09-11","30362450720"
"2023-09-12","30337717721"
"2023-09-13","30315594853"
"2023-09-14","29954203844"
"2023-09-15","30037111784"
"2023-09-16","30316436803"
"2023-09-17","30560734383"
"2023-09-18","30374720263"
"2023-09-19","30693811723"
"2023-09-20","30322580763"
"2023-09-21","29961062865"
"2023-09-22","30040160494"
"2023-09-23","30322713098"
"2023-09-24","30538709476"
"2023-09-25","29999936195"
"2023-09-26","30895943777"
"2023-09-27","30337588590"
"2023-09-28","29996875963"
"2023-09-29","30059514890"
"2023-09-30","30338347611"
"2023-10-01","30316468934"
"2023-10-02","28161019092"
"2023-10-03","30344725816"
"2023-10-04","30342133708"
"2023-10-05","30411659102"
"2023-10-06","29995342672"
"2023-10-07","30385694032"
"2023-10-08","30228590081"
"2023-10-09","30370800566"
"2023-10-10","30358866390"
"2023-10-11","30354611851"
"2023-10-12","30247228249"
"2023-10-13","29984504475"
"2023-10-14","29848978943"
"2023-10-15","29819386295"
"2023-10-16","30743677459"
"2023-10-17","30442433037"
"2023-10-18","30809844037"
"2023-10-19","30019368739"
"2023-10-20","30019588592"
"2023-10-21","29999015768"
"2023-10-22","30020184292"
"2023-10-23","30026573128"
"2023-10-24","30375022696"
"2023-10-25","30003462384"
"2023-10-26","30003630178"
"2023-10-27","30024889786"
"2023-10-28","30016116239"
"2023-10-29","30196701826"
"2023-10-30","30057320575"
"2023-10-31","30006377189"
"2023-11-01","30026559085"
"2023-11-02","29992589908"
"2023-11-03","30027396049"
"2023-11-04","30027628036"
"2023-11-05","30141619283"
"2023-11-06","30057478223"
"2023-11-07","30430959272"
"2023-11-08","30032151644"
"2023-11-09","30011629842"
"2023-11-10","30032811131"
"2023-11-11","29970384916"
"2023-11-12","29950122340"
"2023-11-13","29982567317"
"2023-11-14","30336831772"
"2023-11-15","29961244265"
"2023-11-16","29985627724"
"2023-11-17","29879148518"
"2023-11-18","29828576601"
"2023-11-19","29879063153"
"2023-11-20","29841373624"
"2023-11-21","29836371963"
"2023-11-22","29816806611"
"2023-11-23","30339208980"
"2023-11-24","29815169782"
"2023-11-25","29836206427"
"2023-11-26","29994001646"
"2023-11-27","29860757173"
"2023-11-28","29823380553"
"2023-11-29","29817119039"
"2023-11-30","29838213547"
"2023-12-01","29833643156"
"2023-12-02","29838287681"
"2023-12-03","29833872073"
"2023-12-04","29866958532"
"2023-12-05","29819362671"
"2023-12-06","29818421797"
"2023-12-07","29937065738"
"2023-12-08","29819887848"
"2023-12-09","29836268092"
"2023-12-10","29821311293"
"2023-12-11","29773657794"
"2023-12-12","29751676570"
"2023-12-13","29742916270"
"2023-12-14","29746157501"
"2023-12-15","29750564734"
"2023-12-16","29750624701"
"2023-12-17","29720422308"
"2023-12-18","29779035404"
"2023-12-19","29752306832"
"2023-12-20","27536863433"
"2023-12-21","27442677502"
"2023-12-22","27417064168"
"2023-12-23","27573012593"
"2023-12-24","27409561981"
"2023-12-25","27422076201"
"2023-12-26","27425425082"
"2023-12-27","27581486989"
"2023-12-28","27568368174"
"2023-12-29","27690954172"
"2023-12-30","27529264892"
"2023-12-31","27696462810"
"2024-01-01","26680840211"
"2024-01-02","26692875747"
"2024-01-03","26688692928"
"2024-01-04","26675437415"
"2024-01-05","26675493365"
"2024-01-06","28882279987"
"2024-01-07","28872964381"
"2024-01-08","28931770852"
"2024-01-09","28918136558"
"2024-01-10","28882768814"
"2024-01-11","28882856033"
"2024-01-12","28882932119"
"2024-01-13","28903747019"
"2024-01-14","28876034198"
"2024-01-15","28927413064"
"2024-01-16","26655252313"
"2024-01-17","28881692008"
"2024-01-18","28904230026"
"2024-01-19","28904521254"
"2024-01-20","28885332517"
"2024-01-21","29235762531"
"2024-01-22","29273671657"
"2024-01-23","29246960908"
"2024-01-24","29266599764"
"2024-01-25","28904866444"
"2024-01-26","28965565726"
"2024-01-27","28897406639"
"2024-01-28","28141831375"
"2024-01-29","28214775369"
"2024-01-30","28187914432"
"2024-01-31","28186526145"
"2024-02-01","27824880446"
"2024-02-02","27837872098"
"2024-02-03","27820320474"
"2024-02-04","28131682889"
"2024-02-05","28182805280"
"2024-02-06","28188095555"
"2024-02-07","28165723151"
"2024-02-08","27825218636"
"2024-02-09","27817058697"
"2024-02-10","28142125831"
"2024-02-11","28135232465"
"2024-02-12","28162627855"
"2024-02-13","28135755373"
"2024-02-14","27772678767"
"2024-02-15","27772690575"
"2024-02-16","25574320092"
"2024-02-17","25899256000"
"2024-02-18","28089303763"
"2024-02-19","28183709463"
"2024-02-20","27774184159"
"2024-02-21","28155441608"
"2024-02-22","27793781187"
"2024-02-23","27806779611"
"2024-02-24","28111857146"
"2024-02-25","27713406351"
"2024-02-26","28183810395"
"2024-02-27","28135935494"
"2024-02-28","28134545168"
"2024-02-29","27793865015"
"2024-03-01","27785878710"
"2024-03-02","28106201822"
"2024-03-03","28095057510"
"2024-03-04","28150840593"
"2024-03-05","28135999830"
"2024-03-06","28150978108"
"2024-03-07","27793917155"
"2024-03-08","27852967106"
"2024-03-09","28083892057"
"2024-03-10","28086454389"
"2024-03-11","28130316042"
"2024-03-12","28136167326"
"2024-03-13","28134790604"
"2024-03-14","27794120500"
"2024-03-15","27832146587"
"2024-03-16","27770430127"
"2024-03-17","28072929054"
"2024-03-18","28101311315"
"2024-03-19","28136372669"
"2024-03-20","28130394752"
"2024-03-21","27773344709"
"2024-03-22","27853381706"
"2024-03-23","28104574560"
"2024-03-24","28070982214"
"2024-03-25","27751002975"
"2024-03-26","28130446882"
"2024-03-27","28130609517"
"2024-03-28","27768821912"
"2024-03-29","27811368016"
"2024-03-30","28084449862"
"2024-03-31","28082284010"
"2024-04-01","28111656108"
"2024-04-02","28135315935"
"2024-04-03","28135334196"
"2024-04-04","27762489034"
"2024-04-05","27807733985"
"2024-04-06","27722852477"
"2024-04-07","27720683359"
"2024-04-08","28156408476"
"2024-04-09","27794716988"
"2024-04-10","27773722279"
"2024-04-11","27790005514"
"2024-04-12","27853919081"
"2024-04-13","27723009507"
"2024-04-14","27720840782"
"2024-04-15","28130967056"
"2024-04-16","27773868549"
"2024-04-17","28156614308"
"2024-04-18","27769189622"
"2024-04-19","27787080709"
"2024-04-20","28071547148"
"2024-04-21","28082702616"
"2024-04-22","28156744431"
"2024-04-23","28131060167"
"2024-04-24","28135801612"
"2024-04-25","27774081426"
"2024-04-26","27782645894"
"2024-04-27","28085024591"
"2024-04-28","27721124576"
"2024-04-29","28135907024"
"2024-04-30","27774182355"
"2024-05-01","27743640222"
"2024-05-02","27774203967"
"2024-05-03","27755605114"
"2024-05-04","28082985415"
"2024-05-05","28082989921"
"2024-05-06","27747082723"
"2024-05-07","27751821740"
"2024-05-08","27755292372"
"2024-05-09","27671788308"
"2024-05-10","27706007176"
"2024-05-11","27971586279"
"2024-05-12","27607679670"
"2024-05-13","28022442157"
"2024-05-14","28125037912"
"2024-05-15","27660733202"
"2024-05-16","25556572203"
"2024-05-17","25565224691"
"2024-05-18","25505816711"
"2024-05-19","25867569021"
"2024-05-20","25918417546"
"2024-05-21","27763545073"
"2024-05-22","27763563832"
"2024-05-23","27763594978"
"2024-05-24","27758890160"
"2024-05-25","27712787671"
"2024-05-26","27712792249"
"2024-05-27","28120778068"
"2024-05-28","27763656552"
"2024-05-29","27759069177"
"2024-05-30","27763774002"
"2024-05-31","27759188411"
"2024-06-01","28072535352"
"2024-06-02","27710796905"
"2024-06-03","27759210716"
"2024-06-04","27763828572"
"2024-06-05","28120980299"
"2024-06-06","27661113843"
"2024-06-07","27661114071"
"2024-06-08","27972010684"
"2024-06-09","27621537122"
"2024-06-10","27999372965"
"2024-06-11","27661282374"
"2024-06-12","27759475871"
"2024-06-13","27656602221"
"2024-06-14","27661329051"
"2024-06-15","27610483031"
"2024-06-16","27535655678"
"2024-06-17","27691451110"
"2024-06-18","27661346832"
"2024-06-19","27656620420"
"2024-06-20","27764276104"
"2024-06-21","27780698148"
"2024-06-22","28073029073"
"2024-06-23","27724701988"
"2024-06-24","27737328725"
"2024-06-25","27682421131"
"2024-06-26","27755102201"
"2024-06-27","27639131044"
"2024-06-28","27732658842"
"2024-06-29","27716175220"
"2024-06-30","27724816211"
"2024-07-01","28094456844"
"2024-07-02","27737319744"
"2024-07-03","27732720531"
"2024-07-04","27737337858"
"2024-07-05","27713692555"
"2024-07-06","27711527583"
"2024-07-07","27724912418"
"2024-07-08","27737398349"
"2024-07-09","27735231752"
"2024-07-10","27681160967"
"2024-07-11","27634543597"
"2024-07-12","27629938926"
"2024-07-13","27610891967"
"2024-07-14","27622108973"
"2024-07-15","25551593991"
"2024-07-16","27634578278"
"2024-07-17","27629973559"
"2024-07-18","27655590364"
"2024-07-19","27634579577"
"2024-07-20","27610927740"
"2024-07-21","27622149664"
"2024-07-22","27629994900"
"2024-07-23","27634599864"
"2024-07-24","27732880387"
"2024-07-25","26476060859"
"2024-07-26","24264588287"
"2024-07-27","24266556516"
"2024-07-28","24256773839"
"2024-07-29","26471477920"
"2024-07-30","26476082888"
"2024-07-31","26476083008"
"2024-08-01","26457036017"
"2024-08-02","26457036146"
"2024-08-03","26450259833"
"2024-08-04","26450259905"
"2024-08-05","40648764473"
"2024-08-06","40653369482"
"2024-08-07","40669784214"
"2024-08-08","40653375357"
"2024-08-09","40653375503"
"2024-08-10","40669787646"
"2024-08-11","40660047096"
"2024-08-12","40492409172"
"2024-08-13","33401649522"
"2024-08-14","33401649583"
