"date","global_new_cases"
"2020-01-01","0"
"2020-01-02","0"
"2020-01-03","0"
"2020-01-04","0"
"2020-01-05","2"
"2020-01-06","0"
"2020-01-07","0"
"2020-01-08","0"
"2020-01-09","0"
"2020-01-10","0"
"2020-01-11","0"
"2020-01-12","45"
"2020-01-13","0"
"2020-01-14","0"
"2020-01-15","0"
"2020-01-16","0"
"2020-01-17","0"
"2020-01-18","0"
"2020-01-19","90"
"2020-01-20","0"
"2020-01-21","0"
"2020-01-22","0"
"2020-01-23","0"
"2020-01-24","0"
"2020-01-25","0"
"2020-01-26","1896"
"2020-01-27","0"
"2020-01-28","0"
"2020-01-29","0"
"2020-01-30","0"
"2020-01-31","0"
"2020-02-01","0"
"2020-02-02","12538"
"2020-02-03","0"
"2020-02-04","0"
"2020-02-05","0"
"2020-02-06","0"
"2020-02-07","0"
"2020-02-08","0"
"2020-02-09","22985"
"2020-02-10","0"
"2020-02-11","0"
"2020-02-12","0"
"2020-02-13","0"
"2020-02-14","0"
"2020-02-15","0"
"2020-02-16","31449"
"2020-02-17","0"
"2020-02-18","0"
"2020-02-19","0"
"2020-02-20","0"
"2020-02-21","0"
"2020-02-22","0"
"2020-02-23","9242"
"2020-02-24","0"
"2020-02-25","0"
"2020-02-26","0"
"2020-02-27","0"
"2020-02-28","0"
"2020-02-29","0"
"2020-03-01","8268"
"2020-03-02","0"
"2020-03-03","0"
"2020-03-04","0"
"2020-03-05","0"
"2020-03-06","0"
"2020-03-07","0"
"2020-03-08","20206"
"2020-03-09","0"
"2020-03-10","0"
"2020-03-11","0"
"2020-03-12","0"
"2020-03-13","0"
"2020-03-14","0"
"2020-03-15","60434"
"2020-03-16","0"
"2020-03-17","0"
"2020-03-18","0"
"2020-03-19","0"
"2020-03-20","0"
"2020-03-21","0"
"2020-03-22","171320"
"2020-03-23","0"
"2020-03-24","0"
"2020-03-25","0"
"2020-03-26","0"
"2020-03-27","0"
"2020-03-28","0"
"2020-03-29","351479"
"2020-03-30","0"
"2020-03-31","0"
"2020-04-01","0"
"2020-04-02","0"
"2020-04-03","0"
"2020-04-04","0"
"2020-04-05","466289"
"2020-04-06","0"
"2020-04-07","0"
"2020-04-08","0"
"2020-04-09","0"
"2020-04-10","0"
"2020-04-11","0"
"2020-04-12","524359"
"2020-04-13","0"
"2020-04-14","0"
"2020-04-15","0"
"2020-04-16","0"
"2020-04-17","0"
"2020-04-18","0"
"2020-04-19","507006"
"2020-04-20","0"
"2020-04-21","0"
"2020-04-22","0"
"2020-04-23","0"
"2020-04-24","0"
"2020-04-25","0"
"2020-04-26","540268"
"2020-04-27","0"
"2020-04-28","0"
"2020-04-29","0"
"2020-04-30","0"
"2020-05-01","0"
"2020-05-02","0"
"2020-05-03","545638"
"2020-05-04","0"
"2020-05-05","0"
"2020-05-06","0"
"2020-05-07","0"
"2020-05-08","0"
"2020-05-09","0"
"2020-05-10","581533"
"2020-05-11","0"
"2020-05-12","0"
"2020-05-13","0"
"2020-05-14","0"
"2020-05-15","0"
"2020-05-16","0"
"2020-05-17","610590"
"2020-05-18","0"
"2020-05-19","0"
"2020-05-20","0"
"2020-05-21","0"
"2020-05-22","0"
"2020-05-23","0"
"2020-05-24","696687"
"2020-05-25","0"
"2020-05-26","0"
"2020-05-27","0"
"2020-05-28","0"
"2020-05-29","0"
"2020-05-30","0"
"2020-05-31","729003"
"2020-06-01","0"
"2020-06-02","0"
"2020-06-03","0"
"2020-06-04","0"
"2020-06-05","0"
"2020-06-06","0"
"2020-06-07","844663"
"2020-06-08","0"
"2020-06-09","0"
"2020-06-10","0"
"2020-06-11","0"
"2020-06-12","0"
"2020-06-13","0"
"2020-06-14","902650"
"2020-06-15","0"
"2020-06-16","0"
"2020-06-17","0"
"2020-06-18","0"
"2020-06-19","0"
"2020-06-20","0"
"2020-06-21","1031412"
"2020-06-22","0"
"2020-06-23","0"
"2020-06-24","0"
"2020-06-25","0"
"2020-06-26","0"
"2020-06-27","0"
"2020-06-28","1158117"
"2020-06-29","0"
"2020-06-30","0"
"2020-07-01","0"
"2020-07-02","0"
"2020-07-03","0"
"2020-07-04","0"
"2020-07-05","1328647"
"2020-07-06","0"
"2020-07-07","0"
"2020-07-08","0"
"2020-07-09","0"
"2020-07-10","0"
"2020-07-11","0"
"2020-07-12","1429050"
"2020-07-13","0"
"2020-07-14","0"
"2020-07-15","0"
"2020-07-16","0"
"2020-07-17","0"
"2020-07-18","0"
"2020-07-19","1574155"
"2020-07-20","0"
"2020-07-21","0"
"2020-07-22","0"
"2020-07-23","0"
"2020-07-24","0"
"2020-07-25","0"
"2020-07-26","1742871"
"2020-07-27","0"
"2020-07-28","0"
"2020-07-29","0"
"2020-07-30","0"
"2020-07-31","0"
"2020-08-01","0"
"2020-08-02","1839236"
"2020-08-03","0"
"2020-08-04","0"
"2020-08-05","0"
"2020-08-06","0"
"2020-08-07","0"
"2020-08-08","0"
"2020-08-09","1838664"
"2020-08-10","0"
"2020-08-11","0"
"2020-08-12","0"
"2020-08-13","0"
"2020-08-14","0"
"2020-08-15","0"
"2020-08-16","1885276"
"2020-08-17","0"
"2020-08-18","0"
"2020-08-19","0"
"2020-08-20","0"
"2020-08-21","0"
"2020-08-22","0"
"2020-08-23","1823522"
"2020-08-24","0"
"2020-08-25","0"
"2020-08-26","0"
"2020-08-27","0"
"2020-08-28","0"
"2020-08-29","0"
"2020-08-30","1875228"
"2020-08-31","0"
"2020-09-01","0"
"2020-09-02","0"
"2020-09-03","0"
"2020-09-04","0"
"2020-09-05","0"
"2020-09-06","1985046"
"2020-09-07","0"
"2020-09-08","0"
"2020-09-09","0"
"2020-09-10","0"
"2020-09-11","0"
"2020-09-12","0"
"2020-09-13","1957986"
"2020-09-14","0"
"2020-09-15","0"
"2020-09-16","0"
"2020-09-17","0"
"2020-09-18","0"
"2020-09-19","0"
"2020-09-20","2096023"
"2020-09-21","0"
"2020-09-22","0"
"2020-09-23","0"
"2020-09-24","0"
"2020-09-25","0"
"2020-09-26","0"
"2020-09-27","2104030"
"2020-09-28","0"
"2020-09-29","0"
"2020-09-30","0"
"2020-10-01","0"
"2020-10-02","0"
"2020-10-03","0"
"2020-10-04","2133124"
"2020-10-05","0"
"2020-10-06","0"
"2020-10-07","0"
"2020-10-08","0"
"2020-10-09","0"
"2020-10-10","0"
"2020-10-11","2365164"
"2020-10-12","0"
"2020-10-13","0"
"2020-10-14","0"
"2020-10-15","0"
"2020-10-16","0"
"2020-10-17","0"
"2020-10-18","2598276"
"2020-10-19","0"
"2020-10-20","0"
"2020-10-21","0"
"2020-10-22","0"
"2020-10-23","0"
"2020-10-24","0"
"2020-10-25","3090898"
"2020-10-26","0"
"2020-10-27","0"
"2020-10-28","0"
"2020-10-29","0"
"2020-10-30","0"
"2020-10-31","0"
"2020-11-01","3526641"
"2020-11-02","0"
"2020-11-03","0"
"2020-11-04","0"
"2020-11-05","0"
"2020-11-06","0"
"2020-11-07","0"
"2020-11-08","3857588"
"2020-11-09","0"
"2020-11-10","0"
"2020-11-11","0"
"2020-11-12","0"
"2020-11-13","0"
"2020-11-14","0"
"2020-11-15","4049247"
"2020-11-16","0"
"2020-11-17","0"
"2020-11-18","0"
"2020-11-19","0"
"2020-11-20","0"
"2020-11-21","0"
"2020-11-22","4110813"
"2020-11-23","0"
"2020-11-24","0"
"2020-11-25","0"
"2020-11-26","0"
"2020-11-27","0"
"2020-11-28","0"
"2020-11-29","4022147"
"2020-11-30","0"
"2020-12-01","0"
"2020-12-02","0"
"2020-12-03","0"
"2020-12-04","0"
"2020-12-05","0"
"2020-12-06","4200839"
"2020-12-07","0"
"2020-12-08","0"
"2020-12-09","0"
"2020-12-10","0"
"2020-12-11","0"
"2020-12-12","0"
"2020-12-13","4394478"
"2020-12-14","0"
"2020-12-15","0"
"2020-12-16","0"
"2020-12-17","0"
"2020-12-18","0"
"2020-12-19","0"
"2020-12-20","4542432"
"2020-12-21","0"
"2020-12-22","0"
"2020-12-23","0"
"2020-12-24","0"
"2020-12-25","0"
"2020-12-26","0"
"2020-12-27","4118121"
"2020-12-28","0"
"2020-12-29","0"
"2020-12-30","0"
"2020-12-31","0"
"2021-01-01","0"
"2021-01-02","0"
"2021-01-03","4246641"
"2021-01-04","0"
"2021-01-05","0"
"2021-01-06","0"
"2021-01-07","0"
"2021-01-08","0"
"2021-01-09","0"
"2021-01-10","5007618"
"2021-01-11","0"
"2021-01-12","0"
"2021-01-13","0"
"2021-01-14","0"
"2021-01-15","0"
"2021-01-16","0"
"2021-01-17","4853319"
"2021-01-18","0"
"2021-01-19","0"
"2021-01-20","0"
"2021-01-21","0"
"2021-01-22","0"
"2021-01-23","0"
"2021-01-24","4227124"
"2021-01-25","0"
"2021-01-26","0"
"2021-01-27","0"
"2021-01-28","0"
"2021-01-29","0"
"2021-01-30","0"
"2021-01-31","3735931"
"2021-02-01","0"
"2021-02-02","0"
"2021-02-03","0"
"2021-02-04","0"
"2021-02-05","0"
"2021-02-06","0"
"2021-02-07","3165479"
"2021-02-08","0"
"2021-02-09","0"
"2021-02-10","0"
"2021-02-11","0"
"2021-02-12","0"
"2021-02-13","0"
"2021-02-14","2720792"
"2021-02-15","0"
"2021-02-16","0"
"2021-02-17","0"
"2021-02-18","0"
"2021-02-19","0"
"2021-02-20","0"
"2021-02-21","2474263"
"2021-02-22","0"
"2021-02-23","0"
"2021-02-24","0"
"2021-02-25","0"
"2021-02-26","0"
"2021-02-27","0"
"2021-02-28","2661466"
"2021-03-01","0"
"2021-03-02","0"
"2021-03-03","0"
"2021-03-04","0"
"2021-03-05","0"
"2021-03-06","0"
"2021-03-07","2737562"
"2021-03-08","0"
"2021-03-09","0"
"2021-03-10","0"
"2021-03-11","0"
"2021-03-12","0"
"2021-03-13","0"
"2021-03-14","2963169"
"2021-03-15","0"
"2021-03-16","0"
"2021-03-17","0"
"2021-03-18","0"
"2021-03-19","0"
"2021-03-20","0"
"2021-03-21","3328191"
"2021-03-22","0"
"2021-03-23","0"
"2021-03-24","0"
"2021-03-25","0"
"2021-03-26","0"
"2021-03-27","0"
"2021-03-28","3832345"
"2021-03-29","0"
"2021-03-30","0"
"2021-03-31","0"
"2021-04-01","0"
"2021-04-02","0"
"2021-04-03","0"
"2021-04-04","4113652"
"2021-04-05","0"
"2021-04-06","0"
"2021-04-07","0"
"2021-04-08","0"
"2021-04-09","0"
"2021-04-10","0"
"2021-04-11","4558742"
"2021-04-12","0"
"2021-04-13","0"
"2021-04-14","0"
"2021-04-15","0"
"2021-04-16","0"
"2021-04-17","0"
"2021-04-18","5232575"
"2021-04-19","0"
"2021-04-20","0"
"2021-04-21","0"
"2021-04-22","0"
"2021-04-23","0"
"2021-04-24","0"
"2021-04-25","5695398"
"2021-04-26","0"
"2021-04-27","0"
"2021-04-28","0"
"2021-04-29","0"
"2021-04-30","0"
"2021-05-01","0"
"2021-05-02","5693494"
"2021-05-03","0"
"2021-05-04","0"
"2021-05-05","0"
"2021-05-06","0"
"2021-05-07","0"
"2021-05-08","0"
"2021-05-09","5463792"
"2021-05-10","0"
"2021-05-11","0"
"2021-05-12","0"
"2021-05-13","0"
"2021-05-14","0"
"2021-05-15","0"
"2021-05-16","4810808"
"2021-05-17","0"
"2021-05-18","0"
"2021-05-19","0"
"2021-05-20","0"
"2021-05-21","0"
"2021-05-22","0"
"2021-05-23","4215502"
"2021-05-24","0"
"2021-05-25","0"
"2021-05-26","0"
"2021-05-27","0"
"2021-05-28","0"
"2021-05-29","0"
"2021-05-30","3546244"
"2021-05-31","0"
"2021-06-01","0"
"2021-06-02","0"
"2021-06-03","0"
"2021-06-04","0"
"2021-06-05","0"
"2021-06-06","3005176"
"2021-06-07","0"
"2021-06-08","0"
"2021-06-09","0"
"2021-06-10","0"
"2021-06-11","0"
"2021-06-12","0"
"2021-06-13","2647350"
"2021-06-14","0"
"2021-06-15","0"
"2021-06-16","0"
"2021-06-17","0"
"2021-06-18","0"
"2021-06-19","0"
"2021-06-20","2536720"
"2021-06-21","0"
"2021-06-22","0"
"2021-06-23","0"
"2021-06-24","0"
"2021-06-25","0"
"2021-06-26","0"
"2021-06-27","2631551"
"2021-06-28","0"
"2021-06-29","0"
"2021-06-30","0"
"2021-07-01","0"
"2021-07-02","0"
"2021-07-03","0"
"2021-07-04","2759887"
"2021-07-05","0"
"2021-07-06","0"
"2021-07-07","0"
"2021-07-08","0"
"2021-07-09","0"
"2021-07-10","0"
"2021-07-11","3285829"
"2021-07-12","0"
"2021-07-13","0"
"2021-07-14","0"
"2021-07-15","0"
"2021-07-16","0"
"2021-07-17","0"
"2021-07-18","3606837"
"2021-07-19","0"
"2021-07-20","0"
"2021-07-21","0"
"2021-07-22","0"
"2021-07-23","0"
"2021-07-24","0"
"2021-07-25","3756884"
"2021-07-26","0"
"2021-07-27","0"
"2021-07-28","0"
"2021-07-29","0"
"2021-07-30","0"
"2021-07-31","0"
"2021-08-01","4143430"
"2021-08-02","0"
"2021-08-03","0"
"2021-08-04","0"
"2021-08-05","0"
"2021-08-06","0"
"2021-08-07","0"
"2021-08-08","4421346"
"2021-08-09","0"
"2021-08-10","0"
"2021-08-11","0"
"2021-08-12","0"
"2021-08-13","0"
"2021-08-14","0"
"2021-08-15","4518907"
"2021-08-16","0"
"2021-08-17","0"
"2021-08-18","0"
"2021-08-19","0"
"2021-08-20","0"
"2021-08-21","0"
"2021-08-22","4597432"
"2021-08-23","0"
"2021-08-24","0"
"2021-08-25","0"
"2021-08-26","0"
"2021-08-27","0"
"2021-08-28","0"
"2021-08-29","4566667"
"2021-08-30","0"
"2021-08-31","0"
"2021-09-01","0"
"2021-09-02","0"
"2021-09-03","0"
"2021-09-04","0"
"2021-09-05","4358670"
"2021-09-06","0"
"2021-09-07","0"
"2021-09-08","0"
"2021-09-09","0"
"2021-09-10","0"
"2021-09-11","0"
"2021-09-12","3929905"
"2021-09-13","0"
"2021-09-14","0"
"2021-09-15","0"
"2021-09-16","0"
"2021-09-17","0"
"2021-09-18","0"
"2021-09-19","3685257"
"2021-09-20","0"
"2021-09-21","0"
"2021-09-22","0"
"2021-09-23","0"
"2021-09-24","0"
"2021-09-25","0"
"2021-09-26","3507525"
"2021-09-27","0"
"2021-09-28","0"
"2021-09-29","0"
"2021-09-30","0"
"2021-10-01","0"
"2021-10-02","0"
"2021-10-03","3110623"
"2021-10-04","0"
"2021-10-05","0"
"2021-10-06","0"
"2021-10-07","0"
"2021-10-08","0"
"2021-10-09","0"
"2021-10-10","2957201"
"2021-10-11","0"
"2021-10-12","0"
"2021-10-13","0"
"2021-10-14","0"
"2021-10-15","0"
"2021-10-16","0"
"2021-10-17","2883566"
"2021-10-18","0"
"2021-10-19","0"
"2021-10-20","0"
"2021-10-21","0"
"2021-10-22","0"
"2021-10-23","0"
"2021-10-24","3006471"
"2021-10-25","0"
"2021-10-26","0"
"2021-10-27","0"
"2021-10-28","0"
"2021-10-29","0"
"2021-10-30","0"
"2021-10-31","3127830"
"2021-11-01","0"
"2021-11-02","0"
"2021-11-03","0"
"2021-11-04","0"
"2021-11-05","0"
"2021-11-06","0"
"2021-11-07","3180296"
"2021-11-08","0"
"2021-11-09","0"
"2021-11-10","0"
"2021-11-11","0"
"2021-11-12","0"
"2021-11-13","0"
"2021-11-14","3477988"
"2021-11-15","0"
"2021-11-16","0"
"2021-11-17","0"
"2021-11-18","0"
"2021-11-19","0"
"2021-11-20","0"
"2021-11-21","3863376"
"2021-11-22","0"
"2021-11-23","0"
"2021-11-24","0"
"2021-11-25","0"
"2021-11-26","0"
"2021-11-27","0"
"2021-11-28","4047353"
"2021-11-29","0"
"2021-11-30","0"
"2021-12-01","0"
"2021-12-02","0"
"2021-12-03","0"
"2021-12-04","0"
"2021-12-05","4273387"
"2021-12-06","0"
"2021-12-07","0"
"2021-12-08","0"
"2021-12-09","0"
"2021-12-10","0"
"2021-12-11","0"
"2021-12-12","4314006"
"2021-12-13","0"
"2021-12-14","0"
"2021-12-15","0"
"2021-12-16","0"
"2021-12-17","0"
"2021-12-18","0"
"2021-12-19","4702823"
"2021-12-20","0"
"2021-12-21","0"
"2021-12-22","0"
"2021-12-23","0"
"2021-12-24","0"
"2021-12-25","0"
"2021-12-26","6090327"
"2021-12-27","0"
"2021-12-28","0"
"2021-12-29","0"
"2021-12-30","0"
"2021-12-31","0"
"2022-01-01","0"
"2022-01-02","10468822"
"2022-01-03","0"
"2022-01-04","0"
"2022-01-05","0"
"2022-01-06","0"
"2022-01-07","0"
"2022-01-08","0"
"2022-01-09","16597471"
"2022-01-10","0"
"2022-01-11","0"
"2022-01-12","0"
"2022-01-13","0"
"2022-01-14","0"
"2022-01-15","0"
"2022-01-16","20661698"
"2022-01-17","0"
"2022-01-18","0"
"2022-01-19","0"
"2022-01-20","0"
"2022-01-21","0"
"2022-01-22","0"
"2022-01-23","23541609"
"2022-01-24","0"
"2022-01-25","0"
"2022-01-26","0"
"2022-01-27","0"
"2022-01-28","0"
"2022-01-29","0"
"2022-01-30","23424455"
"2022-01-31","0"
"2022-02-01","0"
"2022-02-02","0"
"2022-02-03","0"
"2022-02-04","0"
"2022-02-05","0"
"2022-02-06","19927736"
"2022-02-07","0"
"2022-02-08","0"
"2022-02-09","0"
"2022-02-10","0"
"2022-02-11","0"
"2022-02-12","0"
"2022-02-13","15910677"
"2022-02-14","0"
"2022-02-15","0"
"2022-02-16","0"
"2022-02-17","0"
"2022-02-18","0"
"2022-02-19","0"
"2022-02-20","12870947"
"2022-02-21","0"
"2022-02-22","0"
"2022-02-23","0"
"2022-02-24","0"
"2022-02-25","0"
"2022-02-26","0"
"2022-02-27","11049563"
"2022-02-28","0"
"2022-03-01","0"
"2022-03-02","0"
"2022-03-03","0"
"2022-03-04","0"
"2022-03-05","0"
"2022-03-06","10900159"
"2022-03-07","0"
"2022-03-08","0"
"2022-03-09","0"
"2022-03-10","0"
"2022-03-11","0"
"2022-03-12","0"
"2022-03-13","11805438"
"2022-03-14","0"
"2022-03-15","0"
"2022-03-16","0"
"2022-03-17","0"
"2022-03-18","0"
"2022-03-19","0"
"2022-03-20","12378470"
"2022-03-21","0"
"2022-03-22","0"
"2022-03-23","0"
"2022-03-24","0"
"2022-03-25","0"
"2022-03-26","0"
"2022-03-27","10998265"
"2022-03-28","0"
"2022-03-29","0"
"2022-03-30","0"
"2022-03-31","0"
"2022-04-01","0"
"2022-04-02","0"
"2022-04-03","9369170"
"2022-04-04","0"
"2022-04-05","0"
"2022-04-06","0"
"2022-04-07","0"
"2022-04-08","0"
"2022-04-09","0"
"2022-04-10","7200174"
"2022-04-11","0"
"2022-04-12","0"
"2022-04-13","0"
"2022-04-14","0"
"2022-04-15","0"
"2022-04-16","0"
"2022-04-17","5697800"
"2022-04-18","0"
"2022-04-19","0"
"2022-04-20","0"
"2022-04-21","0"
"2022-04-22","0"
"2022-04-23","0"
"2022-04-24","4703240"
"2022-04-25","0"
"2022-04-26","0"
"2022-04-27","0"
"2022-04-28","0"
"2022-04-29","0"
"2022-04-30","0"
"2022-05-01","3998902"
"2022-05-02","0"
"2022-05-03","0"
"2022-05-04","0"
"2022-05-05","0"
"2022-05-06","0"
"2022-05-07","0"
"2022-05-08","3619123"
"2022-05-09","0"
"2022-05-10","0"
"2022-05-11","0"
"2022-05-12","0"
"2022-05-13","0"
"2022-05-14","0"
"2022-05-15","3964195"
"2022-05-16","0"
"2022-05-17","0"
"2022-05-18","0"
"2022-05-19","0"
"2022-05-20","0"
"2022-05-21","0"
"2022-05-22","3782147"
"2022-05-23","0"
"2022-05-24","0"
"2022-05-25","0"
"2022-05-26","0"
"2022-05-27","0"
"2022-05-28","0"
"2022-05-29","3386998"
"2022-05-30","0"
"2022-05-31","0"
"2022-06-01","0"
"2022-06-02","0"
"2022-06-03","0"
"2022-06-04","0"
"2022-06-05","3259085"
"2022-06-06","0"
"2022-06-07","0"
"2022-06-08","0"
"2022-06-09","0"
"2022-06-10","0"
"2022-06-11","0"
"2022-06-12","3523286"
"2022-06-13","0"
"2022-06-14","0"
"2022-06-15","0"
"2022-06-16","0"
"2022-06-17","0"
"2022-06-18","0"
"2022-06-19","3770602"
"2022-06-20","0"
"2022-06-21","0"
"2022-06-22","0"
"2022-06-23","0"
"2022-06-24","0"
"2022-06-25","0"
"2022-06-26","4592255"
"2022-06-27","0"
"2022-06-28","0"
"2022-06-29","0"
"2022-06-30","0"
"2022-07-01","0"
"2022-07-02","0"
"2022-07-03","5282061"
"2022-07-04","0"
"2022-07-05","0"
"2022-07-06","0"
"2022-07-07","0"
"2022-07-08","0"
"2022-07-09","0"
"2022-07-10","6341950"
"2022-07-11","0"
"2022-07-12","0"
"2022-07-13","0"
"2022-07-14","0"
"2022-07-15","0"
"2022-07-16","0"
"2022-07-17","6978595"
"2022-07-18","0"
"2022-07-19","0"
"2022-07-20","0"
"2022-07-21","0"
"2022-07-22","0"
"2022-07-23","0"
"2022-07-24","7173712"
"2022-07-25","0"
"2022-07-26","0"
"2022-07-27","0"
"2022-07-28","0"
"2022-07-29","0"
"2022-07-30","0"
"2022-07-31","7204687"
"2022-08-01","0"
"2022-08-02","0"
"2022-08-03","0"
"2022-08-04","0"
"2022-08-05","0"
"2022-08-06","0"
"2022-08-07","6945506"
"2022-08-08","0"
"2022-08-09","0"
"2022-08-10","0"
"2022-08-11","0"
"2022-08-12","0"
"2022-08-13","0"
"2022-08-14","5752722"
"2022-08-15","0"
"2022-08-16","0"
"2022-08-17","0"
"2022-08-18","0"
"2022-08-19","0"
"2022-08-20","0"
"2022-08-21","5386306"
"2022-08-22","0"
"2022-08-23","0"
"2022-08-24","0"
"2022-08-25","0"
"2022-08-26","0"
"2022-08-27","0"
"2022-08-28","4765740"
"2022-08-29","0"
"2022-08-30","0"
"2022-08-31","0"
"2022-09-01","0"
"2022-09-02","0"
"2022-09-03","0"
"2022-09-04","4289861"
"2022-09-05","0"
"2022-09-06","0"
"2022-09-07","0"
"2022-09-08","0"
"2022-09-09","0"
"2022-09-10","0"
"2022-09-11","3269361"
"2022-09-12","0"
"2022-09-13","0"
"2022-09-14","0"
"2022-09-15","0"
"2022-09-16","0"
"2022-09-17","0"
"2022-09-18","3395783"
"2022-09-19","0"
"2022-09-20","0"
"2022-09-21","0"
"2022-09-22","0"
"2022-09-23","0"
"2022-09-24","0"
"2022-09-25","3218389"
"2022-09-26","0"
"2022-09-27","0"
"2022-09-28","0"
"2022-09-29","0"
"2022-09-30","0"
"2022-10-01","0"
"2022-10-02","3230861"
"2022-10-03","0"
"2022-10-04","0"
"2022-10-05","0"
"2022-10-06","0"
"2022-10-07","0"
"2022-10-08","0"
"2022-10-09","3218715"
"2022-10-10","0"
"2022-10-11","0"
"2022-10-12","0"
"2022-10-13","0"
"2022-10-14","0"
"2022-10-15","0"
"2022-10-16","3175685"
"2022-10-17","0"
"2022-10-18","0"
"2022-10-19","0"
"2022-10-20","0"
"2022-10-21","0"
"2022-10-22","0"
"2022-10-23","2897719"
"2022-10-24","0"
"2022-10-25","0"
"2022-10-26","0"
"2022-10-27","0"
"2022-10-28","0"
"2022-10-29","0"
"2022-10-30","2534472"
"2022-10-31","0"
"2022-11-01","0"
"2022-11-02","0"
"2022-11-03","0"
"2022-11-04","0"
"2022-11-05","0"
"2022-11-06","2334721"
"2022-11-07","0"
"2022-11-08","0"
"2022-11-09","0"
"2022-11-10","0"
"2022-11-11","0"
"2022-11-12","0"
"2022-11-13","2489171"
"2022-11-14","0"
"2022-11-15","0"
"2022-11-16","0"
"2022-11-17","0"
"2022-11-18","0"
"2022-11-19","0"
"2022-11-20","2682037"
"2022-11-21","0"
"2022-11-22","0"
"2022-11-23","0"
"2022-11-24","0"
"2022-11-25","0"
"2022-11-26","0"
"2022-11-27","2977616"
"2022-11-28","0"
"2022-11-29","0"
"2022-11-30","0"
"2022-12-01","0"
"2022-12-02","0"
"2022-12-03","0"
"2022-12-04","3236992"
"2022-12-05","0"
"2022-12-06","0"
"2022-12-07","0"
"2022-12-08","0"
"2022-12-09","0"
"2022-12-10","0"
"2022-12-11","4615151"
"2022-12-12","0"
"2022-12-13","0"
"2022-12-14","0"
"2022-12-15","0"
"2022-12-16","0"
"2022-12-17","0"
"2022-12-18","14977498"
"2022-12-19","0"
"2022-12-20","0"
"2022-12-21","0"
"2022-12-22","0"
"2022-12-23","0"
"2022-12-24","0"
"2022-12-25","44236224"
"2022-12-26","0"
"2022-12-27","0"
"2022-12-28","0"
"2022-12-29","0"
"2022-12-30","0"
"2022-12-31","0"
"2023-01-01","27732691"
"2023-01-02","0"
"2023-01-03","0"
"2023-01-04","0"
"2023-01-05","0"
"2023-01-06","0"
"2023-01-07","0"
"2023-01-08","10980009"
"2023-01-09","0"
"2023-01-10","0"
"2023-01-11","0"
"2023-01-12","0"
"2023-01-13","0"
"2023-01-14","0"
"2023-01-15","4886946"
"2023-01-16","0"
"2023-01-17","0"
"2023-01-18","0"
"2023-01-19","0"
"2023-01-20","0"
"2023-01-21","0"
"2023-01-22","2514883"
"2023-01-23","0"
"2023-01-24","0"
"2023-01-25","0"
"2023-01-26","0"
"2023-01-27","0"
"2023-01-28","0"
"2023-01-29","1559497"
"2023-01-30","0"
"2023-01-31","0"
"2023-02-01","0"
"2023-02-02","0"
"2023-02-03","0"
"2023-02-04","0"
"2023-02-05","1385655"
"2023-02-06","0"
"2023-02-07","0"
"2023-02-08","0"
"2023-02-09","0"
"2023-02-10","0"
"2023-02-11","0"
"2023-02-12","1247482"
"2023-02-13","0"
"2023-02-14","0"
"2023-02-15","0"
"2023-02-16","0"
"2023-02-17","0"
"2023-02-18","0"
"2023-02-19","1145792"
"2023-02-20","0"
"2023-02-21","0"
"2023-02-22","0"
"2023-02-23","0"
"2023-02-24","0"
"2023-02-25","0"
"2023-02-26","1072885"
"2023-02-27","0"
"2023-02-28","0"
"2023-03-01","0"
"2023-03-02","0"
"2023-03-03","0"
"2023-03-04","0"
"2023-03-05","1028477"
"2023-03-06","0"
"2023-03-07","0"
"2023-03-08","0"
"2023-03-09","0"
"2023-03-10","0"
"2023-03-11","0"
"2023-03-12","894852"
"2023-03-13","0"
"2023-03-14","0"
"2023-03-15","0"
"2023-03-16","0"
"2023-03-17","0"
"2023-03-18","0"
"2023-03-19","879245"
"2023-03-20","0"
"2023-03-21","0"
"2023-03-22","0"
"2023-03-23","0"
"2023-03-24","0"
"2023-03-25","0"
"2023-03-26","833139"
"2023-03-27","0"
"2023-03-28","0"
"2023-03-29","0"
"2023-03-30","0"
"2023-03-31","0"
"2023-04-01","0"
"2023-04-02","799538"
"2023-04-03","0"
"2023-04-04","0"
"2023-04-05","0"
"2023-04-06","0"
"2023-04-07","0"
"2023-04-08","0"
"2023-04-09","701069"
"2023-04-10","0"
"2023-04-11","0"
"2023-04-12","0"
"2023-04-13","0"
"2023-04-14","0"
"2023-04-15","0"
"2023-04-16","694818"
"2023-04-17","0"
"2023-04-18","0"
"2023-04-19","0"
"2023-04-20","0"
"2023-04-21","0"
"2023-04-22","0"
"2023-04-23","737618"
"2023-04-24","0"
"2023-04-25","0"
"2023-04-26","0"
"2023-04-27","0"
"2023-04-28","0"
"2023-04-29","0"
"2023-04-30","684612"
"2023-05-01","0"
"2023-05-02","0"
"2023-05-03","0"
"2023-05-04","0"
"2023-05-05","0"
"2023-05-06","0"
"2023-05-07","609446"
"2023-05-08","0"
"2023-05-09","0"
"2023-05-10","0"
"2023-05-11","0"
"2023-05-12","0"
"2023-05-13","0"
"2023-05-14","566892"
"2023-05-15","0"
"2023-05-16","0"
"2023-05-17","0"
"2023-05-18","0"
"2023-05-19","0"
"2023-05-20","0"
"2023-05-21","371880"
"2023-05-22","0"
"2023-05-23","0"
"2023-05-24","0"
"2023-05-25","0"
"2023-05-26","0"
"2023-05-27","0"
"2023-05-28","347043"
"2023-05-29","0"
"2023-05-30","0"
"2023-05-31","0"
"2023-06-01","0"
"2023-06-02","0"
"2023-06-03","0"
"2023-06-04","289973"
"2023-06-05","0"
"2023-06-06","0"
"2023-06-07","0"
"2023-06-08","0"
"2023-06-09","0"
"2023-06-10","0"
"2023-06-11","280585"
"2023-06-12","0"
"2023-06-13","0"
"2023-06-14","0"
"2023-06-15","0"
"2023-06-16","0"
"2023-06-17","0"
"2023-06-18","142924"
"2023-06-19","0"
"2023-06-20","0"
"2023-06-21","0"
"2023-06-22","0"
"2023-06-23","0"
"2023-06-24","0"
"2023-06-25","205039"
"2023-06-26","0"
"2023-06-27","0"
"2023-06-28","0"
"2023-06-29","0"
"2023-06-30","0"
"2023-07-01","0"
"2023-07-02","176487"
"2023-07-03","0"
"2023-07-04","0"
"2023-07-05","0"
"2023-07-06","0"
"2023-07-07","0"
"2023-07-08","0"
"2023-07-09","182374"
"2023-07-10","0"
"2023-07-11","0"
"2023-07-12","0"
"2023-07-13","0"
"2023-07-14","0"
"2023-07-15","0"
"2023-07-16","201570"
"2023-07-17","0"
"2023-07-18","0"
"2023-07-19","0"
"2023-07-20","0"
"2023-07-21","0"
"2023-07-22","0"
"2023-07-23","250148"
"2023-07-24","0"
"2023-07-25","0"
"2023-07-26","0"
"2023-07-27","0"
"2023-07-28","0"
"2023-07-29","0"
"2023-07-30","316998"
"2023-07-31","0"
"2023-08-01","0"
"2023-08-02","0"
"2023-08-03","0"
"2023-08-04","0"
"2023-08-05","0"
"2023-08-06","701668"
"2023-08-07","0"
"2023-08-08","0"
"2023-08-09","0"
"2023-08-10","0"
"2023-08-11","0"
"2023-08-12","0"
"2023-08-13","134096"
"2023-08-14","0"
"2023-08-15","0"
"2023-08-16","0"
"2023-08-17","0"
"2023-08-18","0"
"2023-08-19","0"
"2023-08-20","343684"
"2023-08-21","0"
"2023-08-22","0"
"2023-08-23","0"
"2023-08-24","0"
"2023-08-25","0"
"2023-08-26","0"
"2023-08-27","356857"
"2023-08-28","0"
"2023-08-29","0"
"2023-08-30","0"
"2023-08-31","0"
"2023-09-01","0"
"2023-09-02","0"
"2023-09-03","340117"
"2023-09-04","0"
"2023-09-05","0"
"2023-09-06","0"
"2023-09-07","0"
"2023-09-08","0"
"2023-09-09","0"
"2023-09-10","233205"
"2023-09-11","0"
"2023-09-12","0"
"2023-09-13","0"
"2023-09-14","0"
"2023-09-15","0"
"2023-09-16","0"
"2023-09-17","120577"
"2023-09-18","0"
"2023-09-19","0"
"2023-09-20","0"
"2023-09-21","0"
"2023-09-22","0"
"2023-09-23","0"
"2023-09-24","136848"
"2023-09-25","0"
"2023-09-26","0"
"2023-09-27","0"
"2023-09-28","0"
"2023-09-29","0"
"2023-09-30","0"
"2023-10-01","157489"
"2023-10-02","0"
"2023-10-03","0"
"2023-10-04","0"
"2023-10-05","0"
"2023-10-06","0"
"2023-10-07","0"
"2023-10-08","167166"
"2023-10-09","0"
"2023-10-10","0"
"2023-10-11","0"
"2023-10-12","0"
"2023-10-13","0"
"2023-10-14","0"
"2023-10-15","151104"
"2023-10-16","0"
"2023-10-17","0"
"2023-10-18","0"
"2023-10-19","0"
"2023-10-20","0"
"2023-10-21","0"
"2023-10-22","140674"
"2023-10-23","0"
"2023-10-24","0"
"2023-10-25","0"
"2023-10-26","0"
"2023-10-27","0"
"2023-10-28","0"
"2023-10-29","142308"
"2023-10-30","0"
"2023-10-31","0"
"2023-11-01","0"
"2023-11-02","0"
"2023-11-03","0"
"2023-11-04","0"
"2023-11-05","157622"
"2023-11-06","0"
"2023-11-07","0"
"2023-11-08","0"
"2023-11-09","0"
"2023-11-10","0"
"2023-11-11","0"
"2023-11-12","174856"
"2023-11-13","0"
"2023-11-14","0"
"2023-11-15","0"
"2023-11-16","0"
"2023-11-17","0"
"2023-11-18","0"
"2023-11-19","206897"
"2023-11-20","0"
"2023-11-21","0"
"2023-11-22","0"
"2023-11-23","0"
"2023-11-24","0"
"2023-11-25","0"
"2023-11-26","237594"
"2023-11-27","0"
"2023-11-28","0"
"2023-11-29","0"
"2023-11-30","0"
"2023-12-01","0"
"2023-12-02","0"
"2023-12-03","281558"
"2023-12-04","0"
"2023-12-05","0"
"2023-12-06","0"
"2023-12-07","0"
"2023-12-08","0"
"2023-12-09","0"
"2023-12-10","332506"
"2023-12-11","0"
"2023-12-12","0"
"2023-12-13","0"
"2023-12-14","0"
"2023-12-15","0"
"2023-12-16","0"
"2023-12-17","381606"
"2023-12-18","0"
"2023-12-19","0"
"2023-12-20","0"
"2023-12-21","0"
"2023-12-22","0"
"2023-12-23","0"
"2023-12-24","356531"
"2023-12-25","0"
"2023-12-26","0"
"2023-12-27","0"
"2023-12-28","0"
"2023-12-29","0"
"2023-12-30","0"
"2023-12-31","262564"
"2024-01-01","0"
"2024-01-02","0"
"2024-01-03","0"
"2024-01-04","0"
"2024-01-05","0"
"2024-01-06","0"
"2024-01-07","198936"
"2024-01-08","0"
"2024-01-09","0"
"2024-01-10","0"
"2024-01-11","0"
"2024-01-12","0"
"2024-01-13","0"
"2024-01-14","187498"
"2024-01-15","0"
"2024-01-16","0"
"2024-01-17","0"
"2024-01-18","0"
"2024-01-19","0"
"2024-01-20","0"
"2024-01-21","137692"
"2024-01-22","0"
"2024-01-23","0"
"2024-01-24","0"
"2024-01-25","0"
"2024-01-26","0"
"2024-01-27","0"
"2024-01-28","116134"
"2024-01-29","0"
"2024-01-30","0"
"2024-01-31","0"
"2024-02-01","0"
"2024-02-02","0"
"2024-02-03","0"
"2024-02-04","100204"
"2024-02-05","0"
"2024-02-06","0"
"2024-02-07","0"
"2024-02-08","0"
"2024-02-09","0"
"2024-02-10","0"
"2024-02-11","88867"
"2024-02-12","0"
"2024-02-13","0"
"2024-02-14","0"
"2024-02-15","0"
"2024-02-16","0"
"2024-02-17","0"
"2024-02-18","78784"
"2024-02-19","0"
"2024-02-20","0"
"2024-02-21","0"
"2024-02-22","0"
"2024-02-23","0"
"2024-02-24","0"
"2024-02-25","76553"
"2024-02-26","0"
"2024-02-27","0"
"2024-02-28","0"
"2024-02-29","0"
"2024-03-01","0"
"2024-03-02","0"
"2024-03-03","71911"
"2024-03-04","0"
"2024-03-05","0"
"2024-03-06","0"
"2024-03-07","0"
"2024-03-08","0"
"2024-03-09","0"
"2024-03-10","60907"
"2024-03-11","0"
"2024-03-12","0"
"2024-03-13","0"
"2024-03-14","0"
"2024-03-15","0"
"2024-03-16","0"
"2024-03-17","57974"
"2024-03-18","0"
"2024-03-19","0"
"2024-03-20","0"
"2024-03-21","0"
"2024-03-22","0"
"2024-03-23","0"
"2024-03-24","50807"
"2024-03-25","0"
"2024-03-26","0"
"2024-03-27","0"
"2024-03-28","0"
"2024-03-29","0"
"2024-03-30","0"
"2024-03-31","114046"
"2024-04-01","0"
"2024-04-02","0"
"2024-04-03","0"
"2024-04-04","0"
"2024-04-05","0"
"2024-04-06","0"
"2024-04-07","40397"
"2024-04-08","0"
"2024-04-09","0"
"2024-04-10","0"
"2024-04-11","0"
"2024-04-12","0"
"2024-04-13","0"
"2024-04-14","39908"
"2024-04-15","0"
"2024-04-16","0"
"2024-04-17","0"
"2024-04-18","0"
"2024-04-19","0"
"2024-04-20","0"
"2024-04-21","32370"
"2024-04-22","0"
"2024-04-23","0"
"2024-04-24","0"
"2024-04-25","0"
"2024-04-26","0"
"2024-04-27","0"
"2024-04-28","34765"
"2024-04-29","0"
"2024-04-30","0"
"2024-05-01","0"
"2024-05-02","0"
"2024-05-03","0"
"2024-05-04","0"
"2024-05-05","31421"
"2024-05-06","0"
"2024-05-07","0"
"2024-05-08","0"
"2024-05-09","0"
"2024-05-10","0"
"2024-05-11","0"
"2024-05-12","34389"
"2024-05-13","0"
"2024-05-14","0"
"2024-05-15","0"
"2024-05-16","0"
"2024-05-17","0"
"2024-05-18","0"
"2024-05-19","38145"
"2024-05-20","0"
"2024-05-21","0"
"2024-05-22","0"
"2024-05-23","0"
"2024-05-24","0"
"2024-05-25","0"
"2024-05-26","32204"
"2024-05-27","0"
"2024-05-28","0"
"2024-05-29","0"
"2024-05-30","0"
"2024-05-31","0"
"2024-06-01","0"
"2024-06-02","34916"
"2024-06-03","0"
"2024-06-04","0"
"2024-06-05","0"
"2024-06-06","0"
"2024-06-07","0"
"2024-06-08","0"
"2024-06-09","35767"
"2024-06-10","0"
"2024-06-11","0"
"2024-06-12","0"
"2024-06-13","0"
"2024-06-14","0"
"2024-06-15","0"
"2024-06-16","36243"
"2024-06-17","0"
"2024-06-18","0"
"2024-06-19","0"
"2024-06-20","0"
"2024-06-21","0"
"2024-06-22","0"
"2024-06-23","37136"
"2024-06-24","0"
"2024-06-25","0"
"2024-06-26","0"
"2024-06-27","0"
"2024-06-28","0"
"2024-06-29","0"
"2024-06-30","46506"
"2024-07-01","0"
"2024-07-02","0"
"2024-07-03","0"
"2024-07-04","0"
"2024-07-05","0"
"2024-07-06","0"
"2024-07-07","47072"
"2024-07-08","0"
"2024-07-09","0"
"2024-07-10","0"
"2024-07-11","0"
"2024-07-12","0"
"2024-07-13","0"
"2024-07-14","46547"
"2024-07-15","0"
"2024-07-16","0"
"2024-07-17","0"
"2024-07-18","0"
"2024-07-19","0"
"2024-07-20","0"
"2024-07-21","52079"
"2024-07-22","0"
"2024-07-23","0"
"2024-07-24","0"
"2024-07-25","0"
"2024-07-26","0"
"2024-07-27","0"
"2024-07-28","56016"
"2024-07-29","0"
"2024-07-30","0"
"2024-07-31","0"
"2024-08-01","0"
"2024-08-02","0"
"2024-08-03","0"
"2024-08-04","47169"
"2024-08-05","0"
"2024-08-06","0"
"2024-08-07","0"
"2024-08-08","0"
"2024-08-09","0"
"2024-08-10","0"
"2024-08-11","0"
"2024-08-12","0"
"2024-08-13","0"
"2024-08-14","0"
